"Object Designation  ","Year Range  ","Potential Impacts  ","Impact Probability (cumulative)","Vinfinity (km/s)","H (mag)","Estimated Diameter (km)","Palermo Scale (cum.)","Palermo Scale (max.)","Torino Scale (max.)",""
"(2010 GZ60)","2017-2116","480","5.4e-6","3.01","16.1","2.000","-0.80","-1.75","0","bK10G60Z"
"29075 (1950 DA)","2880-2880","1","1.2e-4","14.10","17.6","1.300","-1.42","-1.42","","a0029075"
"101955 Bennu (1999 RQ36)","2175-2199","78","3.7e-4","5.99","20.2","0.490","-1.71","-2.32","","a0101955"
"410777 (2009 FD)","2185-2198","7","1.6e-3","15.87","22.1","0.160","-1.78","-1.83","","a0410777"
"(2017 RH16)","2026-2117","49","8.5e-4","12.78","25.6","0.026","-2.59","-2.59","0","bK17R16H"
"(2010 AU118)","2020-2112","38","1.8e-8","25.22","16.2","1.900","-2.72","-3.14","0","bK10AB8U"
"(1979 XB)","2056-2113","2","7.4e-7","23.92","18.5","0.662","-2.82","-3.12","0","bJ79X00B"
"(2007 FT3)","2019-2116","165","1.5e-6","17.06","20.0","0.340","-2.82","-3.17","0","bK07F03T"
"99942 Apophis (2004 MN4)","2060-2105","12","8.9e-6","5.85","19.1","0.370","-2.83","-2.93","0","a0099942"
"(2000 SG344)","2069-2113","101","2.6e-3","1.36","24.8","0.037","-2.86","-3.23","0","bK00SY4G"
"(2009 JF1)","2022-2022","1","2.6e-4","23.92","27.1","0.013","-3.28","-3.28","0","bK09J01F"
"(2010 RF12)","2095-2117","63","5.0e-2","5.10","28.4","0.007","-3.30","-3.32","0","bK10R12F"
"(2006 QV89)","2019-2040","8","5.0e-5","5.16","25.3","0.030","-3.31","-3.32","0","bK06Q89V"
"(2008 UV99)","2019-2110","32","1.5e-7","15.50","19.6","0.398","-3.36","-3.44","0","bK08U99V"
"(2001 CA21)","2020-2073","4","1.2e-8","30.71","18.5","0.678","-3.43","-3.73","0","bK01C21A"
"(2005 ED224)","2018-2064","6","3.0e-6","25.14","24.0","0.054","-3.50","-3.72","0","bK05EM4D"
"(2005 QK76)","2030-2107","9","6.8e-5","19.67","25.2","0.031","-3.55","-3.70","0","bK05Q76K"
"(2016 RD34)","2051-2093","35","6.2e-3","1.15","27.3","0.012","-3.60","-3.75","0","bK16R34D"
"(2008 JL3)","2024-2116","28","9.8e-5","8.41","25.3","0.029","-3.61","-3.62","0","bK08J03L"
"(2015 ME131)","2018-2089","100","3.5e-8","19.75","19.2","0.499","-3.63","-4.13","0","bK15MD1E"
"(1994 GK)","2051-2067","5","6.9e-5","14.87","24.2","0.048","-3.65","-3.66","0","bJ94G00K"
"(2016 WN55)","2020-2114","77","1.2e-7","15.39","19.4","0.451","-3.67","-4.10","0","bK16W55N"
"(2016 NL56)","2023-2117","254","7.2e-7","15.20","20.6","0.264","-3.67","-4.51","0","bK16N56L"
"(2008 UB7)","2044-2100","33","3.5e-5","18.51","23.9","0.058","-3.71","-4.31","0","bK08U07B"
"(2000 SB45)","2074-2113","101","1.6e-4","7.53","24.3","0.046","-3.77","-4.24","0","bK00S45B"
"(2012 QD8)","2042-2105","4","6.5e-6","20.76","23.1","0.081","-3.81","-3.95","0","bK12Q08D"
"(2007 DX40)","2030-2111","41","6.2e-5","15.53","24.6","0.040","-3.84","-4.26","0","bK07D40X"
"(2008 EX5)","2061-2090","16","4.7e-5","9.92","23.8","0.059","-3.88","-4.16","0","bK08E05X"
"(2013 VW13)","2071-2084","9","4.3e-4","16.35","26.2","0.019","-3.92","-4.09","0","bK13V13W"
"(2001 VB)","2023-2023","1","2.4e-9","35.02","18.3","0.730","-3.95","-3.95","0","bK01V00B"
"(2010 WC9)","2027-2114","19","4.3e-6","12.67","23.4","0.070","-4.00","-4.02","0","bK10W09C"
"(2012 HG2)","2052-2117","443","1.6e-3","3.32","27.0","0.014","-4.01","-4.54","0","bK12H02G"
"(2009 BE)","2061-2117","24","4.3e-4","11.46","26.1","0.020","-4.03","-4.32","0","bK09B00E"
"(2006 JY26)","2073-2109","39","7.0e-3","2.98","28.4","0.007","-4.06","-4.07","0","bK06J26Y"
"(2017 US)","2070-2117","15","6.7e-4","4.54","26.0","0.021","-4.07","-4.46","0","bK17U00S"
"(2011 BT59)","2052-2096","4","1.4e-7","37.82","20.8","0.240","-4.10","-4.13","0","bK11B59T"
"(2008 CC71)","2034-2082","20","5.9e-5","8.07","24.9","0.036","-4.14","-4.47","0","bK08C71C"
"(2017 RZ17)","2019-2105","50","2.0e-8","18.89","19.8","0.372","-4.14","-4.36","0","bK17R17Z"
"(2015 YJ)","2042-2115","54","1.6e-3","16.35","28.3","0.007","-4.16","-4.39","0","bK15Y00J"
"(2014 GN1)","2061-2061","1","2.1e-5","21.23","24.6","0.041","-4.17","-4.17","0","bK14G01N"
"(2017 SH33)","2026-2116","22","2.2e-8","25.20","19.2","0.490","-4.19","-4.59","0","bK17S33H"
"(2011 DU9)","2046-2059","4","2.8e-4","8.77","26.7","0.016","-4.21","-4.22","0","bK11D09U"
"(2017 LD)","2053-2117","291","2.0e-3","4.49","27.5","0.011","-4.23","-4.76","0","bK17L00D"
"(2010 CR5)","2062-2075","3","7.5e-8","23.68","19.8","0.371","-4.24","-4.27","0","bK10C05R"
"(2010 GM23)","2087-2116","30","6.3e-5","13.44","24.7","0.040","-4.24","-4.88","0","bK10G23M"
"(2006 DM63)","2031-2116","39","1.4e-4","10.37","26.7","0.015","-4.26","-4.56","0","bK06D63M"
"(2008 HJ)","2077-2112","25","2.6e-4","7.53","25.8","0.024","-4.29","-4.75","0","bK08H00J"
"(2014 JU15)","2079-2114","86","5.6e-5","10.35","24.7","0.039","-4.32","-5.21","0","bK14J15U"
"(2002 RB182)","2053-2116","26","6.1e-6","13.26","22.8","0.092","-4.33","-5.03","0","bK02RI2B"
"(2016 WG)","2076-2115","25","4.6e-6","23.58","23.3","0.074","-4.36","-5.31","0","bK16W00G"
"(2010 UK)","2068-2116","43","5.2e-4","6.08","26.9","0.014","-4.37","-4.38","0","bK10U00K"
"(2007 KO4)","2022-2116","315","4.3e-6","13.71","23.3","0.075","-4.39","-5.18","0","bK07K04O"
"(2008 ST7)","2074-2112","21","2.7e-5","9.97","24.1","0.052","-4.41","-4.83","0","bK08S07T"
"(2013 TP4)","2026-2026","1","4.9e-5","25.30","27.5","0.011","-4.43","-4.43","0","bK13T04P"
"(2008 EZ84)","2072-2115","9","1.9e-4","7.91","26.2","0.020","-4.44","-4.75","0","bK08E84Z"
"(2014 MV67)","2018-2025","4","1.6e-9","12.76","19.0","0.537","-4.44","-4.68","0","bK14M67V"
"(2007 KE4)","2026-2115","4","1.4e-5","10.07","25.2","0.031","-4.48","-4.52","0","bK07K04E"
"(2011 EB74)","2032-2116","423","3.3e-4","7.54","26.9","0.014","-4.48","-5.45","0","bK11E74B"
"(2017 VJ)","2094-2117","58","3.4e-5","11.51","24.5","0.042","-4.49","-4.81","0","bK17V00J"
"(2015 HV182)","2018-2101","193","2.0e-7","6.82","21.7","0.157","-4.50","-5.47","0","bK15HI2V"
"(2017 UK1)","2047-2114","15","3.5e-4","7.56","27.0","0.013","-4.55","-4.57","0","bK17U01K"
"(2012 MF7)","2046-2096","12","1.5e-4","8.70","26.8","0.015","-4.58","-4.62","0","bK12M07F"
"(2010 QG2)","2051-2070","7","7.1e-6","12.89","24.2","0.048","-4.59","-4.61","0","bK10Q02G"
"(2012 BA77)","2025-2088","29","3.3e-5","12.70","25.9","0.023","-4.59","-5.09","0","bK12B77A"
"(2013 GM3)","2028-2116","169","1.5e-4","7.14","26.2","0.019","-4.59","-5.33","0","bK13G03M"
"(2011 BL45)","2050-2116","59","5.9e-4","1.68","27.2","0.013","-4.61","-4.74","0","bK11B45L"
"(2011 VG9)","2086-2112","5","7.7e-7","24.78","22.2","0.124","-4.61","-5.19","0","bK11V09G"
"(2007 WP3)","2098-2114","17","7.7e-6","13.03","23.5","0.067","-4.62","-4.99","0","bK07W03P"
"(2006 HF6)","2053-2110","26","1.1e-5","16.39","24.5","0.043","-4.63","-5.17","0","bK06H06F"
"(2015 XA378)","2092-2116","19","4.9e-5","17.90","25.5","0.027","-4.63","-4.85","0","bK15Xb8A"
"(2014 CR13)","2103-2117","20","9.1e-5","12.29","25.7","0.024","-4.64","-4.76","0","bK14C13R"
"(2014 WA201)","2075-2082","6","2.0e-4","11.57","26.8","0.015","-4.65","-4.66","0","bK14WK1A"
"(2011 UM169)","2099-2107","19","3.3e-5","13.96","25.1","0.033","-4.67","-4.88","0","bK11UG9M"
"(2005 NX55)","2018-2107","107","4.6e-8","25.05","21.9","0.141","-4.68","-5.10","0","bK05N55X"
"(2015 BS516)","2022-2111","32","2.4e-8","13.01","19.9","0.350","-4.68","-5.05","0","bK15Bp6S"
"(2017 SF20)","2034-2034","1","3.2e-4","10.44","28.4","0.007","-4.68","-4.68","0","bK17S20F"
"(2008 FF5)","2060-2060","1","4.8e-7","39.47","23.1","0.081","-4.70","-4.70","0","bK08F05F"
"(2011 ES4)","2031-2112","82","5.4e-5","7.72","25.7","0.025","-4.70","-5.20","0","bK11E04S"
"(2017 UE43)","2044-2113","65","7.0e-6","7.83","23.6","0.064","-4.70","-5.19","0","bK17U43E"
"(2011 SO189)","2056-2102","13","1.0e-4","12.99","26.5","0.017","-4.71","-5.08","0","bK11SI9O"
"(2017 PY26)","2108-2117","6","1.2e-6","19.98","22.4","0.110","-4.71","-5.30","0","bK17P26Y"
"(2017 AE21)","2020-2117","97","4.6e-6","5.14","25.0","0.034","-4.73","-5.22","0","bK17A21E"
"(2010 JA43)","2018-2117","108","9.0e-8","15.25","21.6","0.161","-4.76","-5.29","0","bK10J43A"
"(2007 HB15)","2047-2115","59","5.1e-4","6.34","27.8","0.010","-4.76","-4.94","0","bK07H15B"
"(2008 TE)","2023-2077","4","4.3e-5","11.84","27.7","0.010","-4.77","-4.77","0","bK08T00E"
"(2010 DG77)","2018-2117","575","7.4e-6","2.38","24.5","0.044","-4.78","-5.93","0","bK10D77G"
"(2001 GP2)","2043-2107","23","2.1e-4","2.58","26.9","0.014","-4.81","-4.99","0","bK01G02P"
"(2005 XA8)","2063-2086","21","3.6e-5","12.06","25.6","0.025","-4.81","-5.25","0","bK05X08A"
"(2008 PK9)","2045-2065","9","5.2e-7","26.64","23.2","0.078","-4.82","-5.16","0","bK08P09K"
"(2011 CU46)","2028-2117","502","2.3e-5","16.00","25.4","0.028","-4.82","-6.04","0","bK11C46U"
"(2011 OB26)","2099-2116","22","5.4e-5","11.00","25.6","0.026","-4.82","-5.33","0","bK11O26B"
"(2012 EK5)","2070-2111","14","3.3e-5","15.13","25.5","0.026","-4.82","-5.09","0","bK12E05K"
"(1995 CS)","2042-2061","6","5.3e-6","25.44","25.4","0.028","-4.83","-4.85","0","bJ95C00S"
"(2008 DB)","2046-2117","42","3.7e-5","6.97","25.7","0.025","-4.84","-5.01","0","bK08D00B"
"(2017 UA45)","2078-2117","97","1.3e-4","5.38","26.2","0.020","-4.85","-5.43","0","bK17U45A"
"(2010 MA113)","2038-2114","144","9.7e-7","4.97","22.3","0.120","-4.86","-5.28","0","bK10MB3A"
"(2011 XC2)","2056-2056","1","6.7e-7","20.75","23.0","0.085","-4.86","-4.86","0","bK11X02C"
"(2002 VU17)","2084-2099","5","1.4e-5","13.69","24.8","0.038","-4.87","-5.31","0","bK02V17U"
"(2010 CA55)","2021-2074","4","2.8e-8","24.03","22.0","0.140","-4.89","-4.97","0","bK10C55A"
"(2010 XN69)","2020-2116","143","6.9e-5","6.45","26.3","0.019","-4.89","-6.09","0","bK10X69N"
"(2000 WJ107)","2114-2115","14","2.9e-6","12.78","23.1","0.081","-4.90","-5.59","0","bK00WA7J"
"(2002 MN)","2070-2109","8","2.8e-6","10.37","23.3","0.073","-4.91","-5.27","0","bK02M00N"
"(2016 EO28)","2035-2054","17","5.9e-4","6.98","29.1","0.005","-4.91","-4.94","0","bK16E28O"
"(2010 KV7)","2034-2115","48","3.9e-5","5.37","26.0","0.021","-4.92","-5.26","0","bK10K07V"
"(2015 YV20)","2020-2116","175","5.2e-7","5.95","22.4","0.113","-4.92","-5.59","0","bK15Y20V"
"(2016 DK1)","2043-2115","40","1.9e-4","6.87","27.3","0.012","-4.92","-5.38","0","bK16D01K"
"(2010 MY112)","2018-2107","26","8.4e-9","21.89","21.0","0.231","-4.93","-5.14","0","bK10MB2Y"
"(2012 ES10)","2054-2064","7","1.0e-6","24.34","23.7","0.061","-4.94","-5.31","0","bK12E10S"
"(2017 RV2)","2082-2117","42","1.1e-4","6.48","26.2","0.019","-4.94","-5.54","0","bK17R02V"
"(2017 OM1)","2084-2113","5","2.1e-6","15.78","23.3","0.073","-4.95","-5.21","0","bK17O01M"
"(2007 VE8)","2062-2062","1","2.0e-5","9.05","25.4","0.028","-4.96","-4.96","0","bK07V08E"
"(2017 SA20)","2027-2117","421","7.6e-4","5.87","28.3","0.008","-4.97","-5.45","0","bK17S20A"
"(2009 WP6)","2067-2114","53","4.0e-5","25.34","26.8","0.015","-4.98","-5.25","0","bK09W06P"
"(2014 LY21)","2018-2116","979","9.1e-5","7.09","29.2","0.005","-5.00","-5.66","0","bK14L21Y"
"(2010 JH110)","2071-2102","5","7.5e-5","8.07","26.3","0.019","-5.02","-5.19","0","bK10JB0H"
"(2016 VB1)","2065-2116","63","1.1e-3","5.45","28.6","0.006","-5.02","-5.62","0","bK16V01B"
"(1996 TC1)","2064-2072","3","1.3e-6","24.01","23.9","0.055","-5.03","-5.05","0","bJ96T01C"
"(2012 DW60)","2083-2115","16","1.0e-4","5.40","26.5","0.017","-5.03","-5.36","0","bK12D60W"
"(2011 MX)","2070-2086","21","9.3e-5","12.15","26.9","0.014","-5.04","-5.37","0","bK11M00X"
"(2013 HT150)","2040-2113","94","1.7e-5","14.22","25.4","0.027","-5.04","-5.71","0","bK13HF0T"
"(2016 NL39)","2055-2115","83","3.3e-4","3.93","27.6","0.010","-5.04","-5.82","0","bK16N39L"
"(2006 CM10)","2092-2092","1","1.8e-7","22.34","21.7","0.150","-5.05","-5.05","0","bK06C10M"
"(2006 JE)","2094-2112","5","1.8e-6","26.35","23.8","0.058","-5.05","-5.12","0","bK06J00E"
"(2015 WN1)","2053-2116","69","7.8e-5","8.87","26.5","0.017","-5.06","-5.77","0","bK15W01N"
"(2004 VM24)","2049-2114","28","2.3e-5","12.86","25.7","0.025","-5.07","-5.65","0","bK04V24M"
"(2000 LG6)","2075-2115","38","1.9e-3","2.11","29.0","0.005","-5.08","-5.48","0","bK00L06G"
"(2010 VW194)","2042-2116","35","7.1e-5","7.31","26.5","0.017","-5.10","-5.66","0","bK10VJ4W"
"(2012 SY49)","2031-2114","23","1.2e-5","15.65","25.8","0.023","-5.10","-5.47","0","bK12S49Y"
"(2013 EV27)","2038-2075","5","2.8e-5","12.37","27.0","0.014","-5.10","-5.10","0","bK13E27V"
"(2017 TA6)","2049-2116","43","1.5e-4","3.90","26.7","0.016","-5.10","-5.38","0","bK17T06A"
"(2007 YM)","2017-2115","251","4.9e-6","7.59","26.3","0.018","-5.11","-5.21","0","bK07Y00M"
"(2010 VQ)","2034-2114","50","1.4e-4","4.57","27.7","0.010","-5.11","-5.34","0","bK10V00Q"
"(2014 YN)","2095-2115","20","5.3e-5","3.27","25.7","0.024","-5.11","-5.75","0","bK14Y00N"
"(2008 EM68)","2018-2116","1110","1.4e-5","14.59","27.7","0.010","-5.13","-5.47","0","bK08E68M"
"(2014 ML67)","2023-2109","24","4.3e-7","21.17","24.2","0.050","-5.13","-5.35","0","bK14M67L"
"(2006 SC)","2053-2109","5","6.4e-6","12.23","25.2","0.031","-5.15","-5.15","0","bK06S00C"
"(2013 WM)","2047-2105","2","6.2e-7","35.38","23.9","0.055","-5.15","-5.38","0","bK13W00M"
"(2017 GG8)","2066-2078","4","2.4e-5","11.46","26.1","0.021","-5.15","-5.19","0","bK17G08G"
"(2007 CC27)","2067-2105","34","7.7e-5","10.88","26.9","0.014","-5.16","-5.68","0","bK07C27C"
"(2008 VS4)","2017-2114","316","6.2e-7","9.43","24.2","0.049","-5.16","-5.50","0","bK08V04S"
"(2009 TH8)","2097-2100","3","8.9e-6","13.03","24.9","0.036","-5.16","-5.20","0","bK09T08H"
"(2010 XB73)","2023-2110","50","2.8e-7","5.98","22.5","0.110","-5.16","-5.96","0","bK10X73B"
"(2016 TY55)","2074-2114","17","1.1e-4","4.61","26.9","0.014","-5.16","-5.19","0","bK16T55Y"
"(1994 GV)","2036-2116","48","1.6e-4","8.09","27.5","0.011","-5.17","-5.72","0","bJ94G00V"
"(2005 CC37)","2095-2117","3","1.3e-6","8.42","22.7","0.098","-5.17","-5.23","0","bK05C37C"
"(2004 PU42)","2071-2115","26","7.6e-5","10.12","26.8","0.015","-5.18","-5.89","0","bK04P42U"
"(2007 DS7)","2048-2114","23","2.1e-5","12.38","25.9","0.023","-5.19","-5.41","0","bK07D07S"
"(2010 JL88)","2049-2116","82","5.7e-5","14.87","26.8","0.015","-5.19","-5.87","0","bK10J88L"
"(2009 FZ4)","2018-2116","400","2.5e-6","10.11","25.2","0.031","-5.20","-5.77","0","bK09F04Z"
"(2013 BL18)","2070-2092","5","2.1e-5","14.19","26.0","0.022","-5.21","-5.36","0","bK13B18L"
"(2014 MA68)","2019-2116","390","1.7e-5","4.96","25.9","0.022","-5.21","-6.02","0","bK14M68A"
"(2014 UD57)","2076-2115","6","2.9e-5","8.72","25.8","0.023","-5.21","-5.35","0","bK14U57D"
"(2008 YO2)","2052-2109","29","7.6e-6","16.49","25.2","0.031","-5.22","-5.78","0","bK08Y02O"
"(1999 RZ31)","2056-2056","2","1.6e-6","8.20","23.8","0.059","-5.23","-5.29","0","bJ99R31Z"
"(2010 JH80)","2074-2095","3","1.7e-6","26.90","24.5","0.042","-5.23","-5.24","0","bK10J80H"
"(2017 NT5)","2050-2115","6","5.8e-7","20.15","22.9","0.090","-5.23","-5.67","0","bK17N05T"
"(2014 JR24)","2069-2115","34","1.2e-3","3.72","29.3","0.005","-5.24","-5.27","0","bK14J24R"
"(2006 BC8)","2050-2112","20","9.5e-6","13.16","25.1","0.032","-5.25","-5.56","0","bK06B08C"
"(2008 EL68)","2018-2113","614","3.3e-5","3.71","27.9","0.009","-5.25","-6.01","0","bK08E68L"
"(2008 ST)","2047-2116","23","1.6e-4","3.24","27.1","0.013","-5.25","-5.54","0","bK08S00T"
"(2005 TM173)","2017-2116","158","9.5e-7","8.70","24.1","0.051","-5.25","-5.98","0","bK05TH3M"
"(2006 QN111)","2079-2079","1","1.9e-6","10.55","23.8","0.060","-5.27","-5.27","0","bK06QB1N"
"(2011 AE3)","2019-2117","620","5.8e-5","4.77","27.7","0.010","-5.27","-5.70","0","bK11A03E"
"(2017 QC36)","2024-2117","79","5.0e-7","4.51","23.1","0.081","-5.27","-5.61","0","bK17Q36C"
"(2009 BR5)","2059-2078","2","1.7e-7","17.97","22.1","0.130","-5.28","-5.29","0","bK09B05R"
"(2009 FJ)","2058-2117","15","9.4e-6","8.92","24.9","0.036","-5.28","-5.66","0","bK09F00J"
"(2010 MZ112)","2029-2117","193","4.7e-6","1.80","25.3","0.032","-5.28","-6.57","0","bK10MB2Z"
"(2001 BA16)","2033-2052","5","9.9e-6","4.90","25.8","0.023","-5.29","-5.32","0","bK01B16A"
"(2006 CD)","2021-2113","48","2.0e-8","11.26","21.0","0.215","-5.31","-6.15","0","bK06C00D"
"(2010 HV20)","2116-2116","2","1.3e-7","24.74","21.9","0.140","-5.33","-5.38","0","bK10H20V"
"(2008 KO)","2049-2061","3","7.8e-7","23.49","24.4","0.045","-5.34","-5.65","0","bK08K00O"
"(2011 BG10)","2051-2074","4","1.3e-5","12.30","26.3","0.019","-5.34","-5.60","0","bK11B10G"
"(2016 FV13)","2114-2114","1","2.5e-5","11.06","25.9","0.022","-5.34","-5.34","0","bK16F13V"
"(2010 UJ)","2022-2109","111","1.1e-5","2.92","26.3","0.019","-5.35","-5.74","0","bK10U00J"
"(2016 CK137)","2040-2117","80","9.1e-5","9.86","27.4","0.011","-5.35","-6.11","0","bK16CD7K"
"(2002 TY59)","2084-2114","5","1.7e-5","8.22","25.4","0.028","-5.36","-5.54","0","bK02T59Y"
"(2015 KG158)","2045-2111","36","2.4e-4","7.69","28.3","0.007","-5.37","-5.42","0","bK15KF8G"
"(2007 EV)","2088-2117","9","8.8e-6","10.59","25.0","0.033","-5.38","-5.82","0","bK07E00V"
"(2014 NJ65)","2022-2114","8","2.0e-9","8.58","19.3","0.462","-5.39","-5.51","0","bK14N65J"
"(2014 MO68)","2020-2116","203","7.5e-7","8.09","23.6","0.066","-5.40","-6.47","0","bK14M68O"
"(2005 EL70)","2034-2034","1","1.3e-7","35.53","24.1","0.052","-5.40","-5.40","0","bK05E70L"
"(2005 WG57)","2029-2104","7","7.2e-7","9.88","23.6","0.063","-5.41","-5.59","0","bK05W57G"
"(2009 OW6)","2080-2115","2","1.2e-5","6.65","25.3","0.029","-5.41","-5.58","0","bK09O06W"
"(2011 AM37)","2041-2113","123","1.0e-3","3.65","29.7","0.004","-5.41","-5.81","0","bK11A37M"
"(2016 RR1)","2063-2113","26","2.1e-4","6.75","27.8","0.009","-5.41","-5.72","0","bK16R01R"
"(2007 UO6)","2031-2113","13","2.0e-5","11.68","27.4","0.011","-5.42","-5.69","0","bK07U06O"
"(2010 GH7)","2099-2117","56","1.4e-4","5.05","27.3","0.012","-5.43","-5.92","0","bK10G07H"
"(2004 GE2)","2106-2109","2","6.5e-8","20.57","21.4","0.180","-5.44","-5.53","0","bK04G02E"
"(2012 BY1)","2043-2074","7","4.0e-6","18.19","25.8","0.024","-5.44","-5.63","0","bK12B01Y"
"(2005 VN5)","2047-2115","23","5.0e-5","6.57","27.0","0.014","-5.45","-5.91","0","bK05V05N"
"(2009 FG)","2022-2112","30","7.9e-6","9.12","25.5","0.027","-5.45","-5.95","0","bK09F00G"
"(2005 AU3)","2081-2117","30","1.5e-5","14.39","26.0","0.021","-5.45","-6.11","0","bK05A03U"
"(2016 BA15)","2054-2108","16","1.7e-5","15.88","26.8","0.015","-5.46","-5.58","0","bK16B15A"
"(2011 SM173)","2058-2112","10","5.6e-5","14.25","27.8","0.009","-5.47","-5.51","0","bK11SH3M"
"(2009 FZ10)","2111-2115","3","1.0e-5","13.01","25.5","0.027","-5.48","-5.50","0","bK09F10Z"
"(2016 DA31)","2020-2117","190","2.9e-4","13.74","29.9","0.004","-5.50","-5.82","0","bK16D31A"
"(2017 DC120)","2021-2115","81","5.2e-8","10.55","22.3","0.120","-5.50","-5.87","0","bK17DC0C"
"(2004 ME6)","2019-2105","45","1.0e-7","12.17","22.6","0.103","-5.51","-6.34","0","bK04M06E"
"(2010 TW149)","2058-2113","54","8.6e-6","17.07","25.9","0.023","-5.52","-6.06","0","bK10TE9W"
"(2011 EB)","2070-2110","4","3.3e-5","10.31","26.9","0.014","-5.52","-5.60","0","bK11E00B"
"(2015 DA54)","2107-2107","1","2.6e-8","23.13","20.8","0.230","-5.52","-5.52","0","bK15D54A"
"(2016 JO38)","2018-2116","455","9.5e-7","7.34","24.8","0.037","-5.53","-6.08","0","bK16J38O"
"(2016 PM38)","2020-2020","1","7.6e-7","8.13","26.0","0.021","-5.53","-5.53","0","bK16P38M"
"(2014 GQ17)","2052-2115","81","5.2e-5","5.41","27.1","0.013","-5.54","-6.29","0","bK14G17Q"
"(2016 HF3)","2078-2078","1","3.6e-6","7.93","24.8","0.038","-5.54","-5.54","0","bK16H03F"
"(2012 TV)","2070-2107","13","3.1e-6","16.67","25.2","0.031","-5.55","-5.78","0","bK12T00V"
"(2017 FB1)","2098-2106","3","4.1e-7","22.16","23.4","0.071","-5.55","-5.81","0","bK17F01B"
"(2011 CW46)","2021-2115","100","5.0e-7","16.62","24.7","0.039","-5.56","-5.74","0","bK11C46W"
"(2012 VJ38)","2031-2111","27","1.1e-4","4.45","28.5","0.007","-5.56","-5.70","0","bK12V38J"
"(2013 FU13)","2081-2098","5","6.8e-5","5.73","27.2","0.012","-5.56","-5.90","0","bK13F13U"
"(2008 CT1)","2041-2117","148","6.1e-5","13.77","27.6","0.010","-5.57","-6.19","0","bK08C01T"
"(2009 RR)","2098-2115","24","8.3e-6","12.95","25.6","0.026","-5.57","-6.33","0","bK09R00R"
"(2009 BF58)","2055-2117","34","6.2e-5","6.68","27.2","0.012","-5.60","-6.00","0","bK09B58F"
"(2011 AK37)","2097-2097","1","4.7e-6","11.87","25.2","0.031","-5.61","-5.61","0","bK11A37K"
"(2006 HX57)","2045-2065","2","3.1e-6","10.53","25.2","0.031","-5.62","-5.64","0","bK06H57X"
"(2009 CZ1)","2058-2074","2","7.5e-7","17.81","24.4","0.044","-5.62","-5.76","0","bK09C01Z"
"(2011 FQ6)","2053-2115","30","6.5e-5","10.50","27.7","0.010","-5.65","-5.79","0","bK11F06Q"
"(2012 DJ54)","2068-2117","36","2.3e-4","5.43","28.5","0.007","-5.66","-6.05","0","bK12D54J"
"(2010 UB)","2116-2116","2","3.6e-6","7.99","24.6","0.041","-5.66","-5.78","0","bK10U00B"
"(2017 RZ15)","2071-2117","29","5.0e-5","7.87","27.1","0.013","-5.66","-6.00","0","bK17R15Z"
"(2016 NK22)","2084-2115","81","4.5e-4","6.88","28.9","0.005","-5.66","-5.87","0","bK16N22K"
"(2017 OE7)","2114-2114","1","2.9e-5","4.28","26.3","0.019","-5.66","-5.66","0","bK17O07E"
"(2016 LP10)","2023-2115","28","1.1e-4","15.57","29.5","0.004","-5.67","-5.87","0","bK16L10P"
"(2012 BL14)","2019-2116","528","1.6e-5","19.81","28.2","0.008","-5.67","-6.12","0","bK12B14L"
"(2017 MZ8)","2020-2115","57","3.4e-8","9.65","22.4","0.111","-5.68","-5.95","0","bK17M08Z"
"(2010 UH)","2047-2115","38","5.1e-5","6.74","27.1","0.013","-5.69","-5.89","0","bK10U00H"
"(2012 WS3)","2082-2116","33","1.2e-5","8.78","25.9","0.022","-5.69","-6.57","0","bK12W03S"
"(2017 QF3)","2043-2101","28","3.2e-5","12.76","27.8","0.009","-5.69","-6.09","0","bK17Q03F"
"(2013 RS43)","2073-2116","42","3.9e-5","5.68","27.0","0.013","-5.70","-6.18","0","bK13R43S"
"(2016 CD30)","2056-2111","11","4.2e-5","10.53","27.7","0.010","-5.71","-5.76","0","bK16C30D"
"(2009 VA)","2025-2048","18","2.2e-5","8.26","28.6","0.006","-5.74","-5.78","0","bK09V00A"
"(2010 KJ37)","2024-2115","57","2.4e-7","6.62","23.9","0.055","-5.74","-5.99","0","bK10K37J"
"(2012 BU1)","2071-2116","26","7.3e-5","8.96","27.7","0.010","-5.74","-6.23","0","bK12B01U"
"(2010 UY7)","2066-2114","46","2.3e-4","3.87","28.5","0.007","-5.75","-6.20","0","bK10U07Y"
"(2011 AY22)","2044-2115","33","2.8e-5","12.98","27.1","0.013","-5.75","-6.46","0","bK11A22Y"
"(2011 BU59)","2089-2117","19","1.2e-5","11.29","26.2","0.019","-5.75","-6.03","0","bK11B59U"
"(2012 BK14)","2020-2117","668","5.3e-5","3.71","28.0","0.009","-5.75","-6.89","0","bK12B14K"
"(2017 AA21)","2020-2117","195","2.6e-6","7.77","26.0","0.021","-5.75","-6.09","0","bK17A21A"
"(2006 UU17)","2075-2107","6","1.7e-5","9.80","26.4","0.018","-5.76","-6.02","0","bK06U17U"
"(2009 HW67)","2046-2079","4","2.9e-6","22.61","26.1","0.020","-5.77","-6.10","0","bK09H67W"
"(2012 LJ)","2072-2072","1","2.3e-6","18.68","25.6","0.026","-5.77","-5.77","0","bK12L00J"
"(2017 KB3)","2080-2115","25","2.9e-6","11.44","24.9","0.035","-5.77","-6.33","0","bK17K03B"
"(2011 BF40)","2083-2083","1","1.2e-6","18.50","24.8","0.037","-5.78","-5.78","0","bK11B40F"
"(2014 QC391)","2078-2116","44","5.6e-5","7.61","27.5","0.011","-5.79","-6.24","0","bK14Qd1C"
"(2016 JB18)","2089-2116","16","6.9e-5","3.25","27.4","0.011","-5.79","-5.82","0","bK16J18B"
"(2017 AB21)","2024-2110","25","5.6e-9","10.69","20.7","0.243","-5.80","-6.42","0","bK17A21B"
"(2015 BW516)","2034-2073","7","2.2e-5","11.40","27.7","0.010","-5.81","-5.91","0","bK15Bp6W"
"(2017 UJ43)","2050-2109","29","4.9e-5","6.91","27.8","0.009","-5.81","-6.15","0","bK17U43J"
"(2012 VS76)","2080-2114","10","1.8e-5","11.47","26.9","0.014","-5.82","-6.17","0","bK12V76S"
"443104 (2013 XK22)","2101-2101","1","1.4e-6","6.90","24.2","0.050","-5.82","-5.82","0","a0443104"
"(2015 DQ224)","2025-2089","191","8.3e-5","14.95","29.3","0.005","-5.83","-6.66","0","bK15DM4Q"
"(2013 NH6)","2060-2060","2","1.1e-7","21.74","23.4","0.073","-5.83","-6.09","0","bK13N06H"
"(2007 UN12)","2071-2116","34","2.5e-4","1.57","28.7","0.006","-5.84","-6.67","0","bK07U12N"
"(2011 DS)","2065-2116","16","2.7e-5","6.54","27.0","0.013","-5.84","-6.15","0","bK11D00S"
"(2016 SA2)","2110-2116","11","1.4e-4","5.19","28.1","0.008","-5.84","-6.22","0","bK16S02A"
"(2016 SK2)","2073-2082","5","2.2e-6","13.64","25.3","0.029","-5.85","-5.88","0","bK16S02K"
"(2008 LE)","2018-2116","122","2.3e-6","8.63","26.0","0.022","-5.85","-6.69","0","bK08L00E"
"(2010 LJ68)","2020-2106","25","4.9e-8","9.67","22.9","0.089","-5.86","-6.26","0","bK10L68J"
"(2011 DV10)","2093-2093","1","1.2e-6","16.27","24.8","0.038","-5.86","-5.86","0","bK11D10V"
"(2007 XZ9)","2068-2089","2","1.1e-6","13.01","24.8","0.037","-5.87","-5.91","0","bK07X09Z"
"(2009 WR52)","2031-2113","59","8.4e-5","5.41","28.3","0.007","-5.87","-6.27","0","bK09W52R"
"(2005 SO1)","2110-2110","9","3.9e-6","12.02","25.4","0.028","-5.87","-6.39","0","bK05S01O"
"(2015 EO)","2050-2083","7","7.0e-6","14.25","26.6","0.016","-5.87","-6.19","0","bK15E00O"
"(2015 DD54)","2114-2116","3","6.1e-6","6.72","25.4","0.028","-5.88","-5.95","0","bK15D54D"
"(2017 HG4)","2048-2115","23","3.9e-5","3.71","27.6","0.010","-5.88","-6.59","0","bK17H04G"
"(2007 UD6)","2058-2096","53","8.8e-5","5.99","28.3","0.007","-5.89","-6.45","0","bK07U06D"
"(2009 HC)","2095-2114","10","2.9e-6","3.72","24.8","0.038","-5.90","-6.25","0","bK09H00C"
"(2015 MN11)","2081-2081","2","5.1e-7","21.06","24.5","0.042","-5.90","-5.93","0","bK15M11N"
"(2010 HP20)","2021-2115","631","4.9e-5","7.36","28.2","0.008","-5.91","-7.31","0","bK10H20P"
"(2011 CL50)","2040-2116","75","5.0e-5","3.51","27.6","0.010","-5.91","-6.87","0","bK11C50L"
"(2011 TO)","2063-2076","5","6.0e-6","8.55","26.3","0.019","-5.91","-5.92","0","bK11T00O"
"(2017 FN1)","2033-2072","7","1.7e-4","17.92","30.6","0.003","-5.91","-6.03","0","bK17F01N"
"(2006 WZ184)","2084-2114","25","9.3e-6","7.26","26.1","0.021","-5.92","-6.71","0","bK06WI4Z"
"(2011 KF36)","2022-2106","6","9.9e-10","22.33","20.4","0.280","-5.92","-6.35","0","bK11K36F"
"(2013 RO30)","2044-2095","10","9.1e-5","9.26","28.4","0.007","-5.92","-6.03","0","bK13R30O"
"(2015 RN35)","2092-2114","5","4.0e-7","5.73","23.1","0.082","-5.92","-6.24","0","bK15R35N"
"(2005 TH50)","2031-2101","25","5.5e-5","4.95","28.0","0.009","-5.93","-6.26","0","bK05T50H"
"(2006 WV29)","2036-2108","12","5.7e-6","16.74","26.5","0.017","-5.93","-6.28","0","bK06W29V"
"(2009 TU)","2086-2111","7","1.9e-5","15.15","27.4","0.011","-5.93","-6.47","0","bK09T00U"
"(2016 GK2)","2092-2116","9","4.8e-5","9.12","27.8","0.009","-5.93","-6.17","0","bK16G02K"
"(2015 TG24)","2102-2116","30","1.6e-5","9.84","26.7","0.016","-5.94","-6.83","0","bK15T24G"
"(2014 OM207)","2089-2101","3","2.3e-4","8.20","29.1","0.005","-5.95","-5.95","0","bK14OK7M"
"(2004 VZ14)","2076-2114","4","1.9e-6","15.26","25.3","0.030","-5.96","-6.40","0","bK04V14Z"
"(2008 EV84)","2041-2106","3","7.1e-7","12.93","25.4","0.029","-5.96","-5.96","0","bK08E84V"
"(2013 JA17)","2027-2092","2","7.0e-10","9.64","19.1","0.510","-5.96","-6.01","0","bK13J17A"
"(2007 PR25)","2094-2113","3","1.9e-8","29.29","21.9","0.140","-5.96","-6.09","0","bK07P25R"
"(2006 BM8)","2106-2115","11","2.6e-6","14.79","25.4","0.028","-5.97","-6.15","0","bK06B08M"
"(2013 GA55)","2070-2114","23","4.5e-5","9.34","27.7","0.010","-5.97","-6.13","0","bK13G55A"
"(2007 EO88)","2073-2111","8","8.6e-6","10.95","26.4","0.018","-5.98","-6.48","0","bK07E88O"
"(2012 PB20)","2066-2116","10","2.8e-6","4.03","24.9","0.035","-5.98","-6.60","0","bK12P20B"
"(2011 CF66)","2018-2117","836","1.4e-5","13.03","27.8","0.009","-5.99","-7.22","0","bK11C66F"
"(2009 JL2)","2057-2116","12","3.4e-6","12.83","26.0","0.022","-6.00","-6.49","0","bK09J02L"
"(2016 CY135)","2103-2114","5","1.4e-6","6.74","24.4","0.044","-6.00","-6.20","0","bK16CD5Y"
"(2015 ET)","2076-2117","11","8.9e-6","11.67","26.7","0.016","-6.01","-6.49","0","bK15E00T"
"(2016 RP41)","2019-2114","49","1.7e-8","8.23","22.5","0.110","-6.01","-6.39","0","bK16R41P"
"(2013 BR27)","2073-2106","40","2.9e-5","10.95","27.7","0.010","-6.02","-6.46","0","bK13B27R"
"(2015 XR169)","2050-2116","159","8.1e-5","9.53","28.8","0.006","-6.02","-6.61","0","bK15XG9R"
"(1991 BA)","2023-2115","46","1.1e-5","17.23","28.7","0.006","-6.03","-6.14","0","bJ91B00A"
"(2009 HS44)","2111-2111","1","6.3e-6","18.29","26.6","0.017","-6.03","-6.03","0","bK09H44S"
"(2014 QF33)","2076-2082","2","1.4e-7","23.29","23.8","0.060","-6.03","-6.11","0","bK14Q33F"
"(2015 FA345)","2024-2102","17","1.6e-7","9.44","24.1","0.052","-6.03","-6.18","0","bK15FY5A"
"(2007 TL16)","2074-2090","10","5.1e-6","11.43","26.2","0.019","-6.04","-6.13","0","bK07T16L"
"(2009 VZ39)","2017-2116","917","7.2e-6","6.31","27.9","0.009","-6.05","-7.06","0","bK09V39Z"
"(2014 GY44)","2074-2089","4","1.7e-6","12.31","25.4","0.028","-6.05","-6.31","0","bK14G44Y"
"(2016 EM156)","2108-2116","4","5.7e-5","8.81","27.9","0.009","-6.05","-6.06","0","bK16EF6M"
"(2010 TW54)","2074-2115","16","3.2e-5","7.78","27.6","0.010","-6.07","-6.12","0","bK10T54W"
"(2017 RC)","2086-2117","26","4.5e-5","9.85","27.9","0.009","-6.07","-6.50","0","bK17R00C"
"(2014 SR261)","2058-2115","8","4.6e-6","15.27","26.8","0.015","-6.07","-6.14","0","bK14SQ1R"
"(2014 CH13)","2019-2116","135","1.5e-7","5.11","24.3","0.047","-6.07","-6.25","0","bK14C13H"
"(2012 BA102)","2104-2117","7","1.2e-5","7.21","26.5","0.017","-6.08","-6.31","0","bK12BA2A"
"(2016 CG18)","2062-2116","40","8.8e-5","4.25","28.5","0.007","-6.08","-6.44","0","bK16C18G"
"(2016 NP56)","2024-2113","17","4.5e-6","2.18","26.2","0.019","-6.08","-6.30","0","bK16N56P"
"(2016 LG10)","2108-2108","4","3.2e-6","8.69","25.5","0.027","-6.10","-6.45","0","bK16L10G"
"(2012 XM16)","2081-2107","2","2.4e-6","12.69","25.8","0.024","-6.10","-6.15","0","bK12X16M"
"(2015 TL21)","2061-2095","10","4.0e-6","15.23","26.4","0.017","-6.10","-6.74","0","bK15T21L"
"(2017 UL7)","2028-2051","5","1.3e-7","16.24","24.4","0.045","-6.10","-6.20","0","bK17U07L"
"(2013 WZ44)","2111-2111","1","3.0e-6","12.56","25.7","0.025","-6.11","-6.11","0","bK13W44Z"
"(2009 TD17)","2047-2110","55","2.3e-5","6.57","27.7","0.010","-6.12","-6.93","0","bK09T17D"
"(2014 JT79)","2017-2116","1137","1.9e-6","8.61","27.1","0.013","-6.12","-7.00","0","bK14J79T"
"(2014 HD198)","2018-2115","79","8.0e-6","17.56","29.6","0.004","-6.13","-6.18","0","bK14HJ8D"
"(2015 GB1)","2031-2090","7","6.1e-6","7.38","26.6","0.016","-6.13","-6.55","0","bK15G01B"
"(2004 FH)","2073-2117","14","5.4e-6","6.93","26.1","0.020","-6.14","-6.60","0","bK04F00H"
"(2007 YS56)","2104-2113","3","4.2e-6","9.14","25.8","0.023","-6.14","-6.41","0","bK07Y56S"
"(2006 UJ185)","2083-2114","9","2.5e-5","15.46","27.9","0.009","-6.14","-6.38","0","bK06UI5J"
"(2014 FX32)","2076-2108","2","1.1e-6","9.05","25.1","0.033","-6.14","-6.15","0","bK14F32X"
"(2015 RD36)","2099-2099","1","2.0e-8","36.46","22.6","0.100","-6.14","-6.14","0","bK15R36D"
"(2008 YV32)","2085-2107","12","6.2e-6","8.79","26.4","0.018","-6.15","-6.65","0","bK08Y32V"
"(2017 HJ61)","2024-2089","9","1.0e-5","13.44","28.8","0.006","-6.15","-6.18","0","bK17H61J"
"(2016 TQ18)","2086-2110","3","6.6e-6","9.59","26.3","0.018","-6.15","-6.18","0","bK16T18Q"
"(2016 AZ193)","2017-2114","505","2.2e-6","5.10","26.6","0.016","-6.15","-6.86","0","bK16AJ3Z"
"(2012 UE34)","2116-2116","1","2.7e-7","5.49","23.1","0.080","-6.15","-6.15","0","bK12U34E"
"(2014 WA)","2049-2049","1","1.8e-5","9.55","28.2","0.008","-6.16","-6.16","0","bK14W00A"
"(2008 DA4)","2091-2100","2","3.4e-7","11.16","23.9","0.056","-6.17","-6.43","0","bK08D04A"
"(2015 BE511)","2057-2103","5","5.1e-5","9.87","28.7","0.006","-6.17","-6.30","0","bK15Bp1E"
"(2001 SB170)","2089-2095","2","2.9e-8","22.49","22.4","0.110","-6.18","-6.48","0","bK01SH0B"
"(2009 TM8)","2079-2116","168","7.6e-5","7.96","28.6","0.007","-6.18","-7.56","0","bK09T08M"
"(2006 SF281)","2019-2116","360","1.3e-6","4.55","26.1","0.020","-6.18","-7.67","0","bK06SS1F"
"(2010 CS19)","2104-2116","7","4.5e-5","6.82","28.0","0.009","-6.18","-6.23","0","bK10C19S"
"(2011 BP40)","2023-2113","31","1.7e-6","3.52","25.4","0.029","-6.18","-6.58","0","bK11B40P"
"(2012 CL17)","2095-2115","19","1.4e-6","21.48","25.7","0.024","-6.18","-6.68","0","bK12C17L"
"(2017 TU1)","2073-2116","10","4.5e-6","10.71","26.2","0.020","-6.18","-6.69","0","bK17T01U"
"(2007 TX22)","2040-2088","57","3.4e-5","8.87","28.4","0.007","-6.19","-6.95","0","bK07T22X"
"(2009 TB)","2020-2112","42","7.9e-6","10.42","29.2","0.005","-6.19","-6.77","0","bK09T00B"
"(2013 HT14)","2071-2077","3","1.7e-6","20.51","26.3","0.019","-6.19","-6.31","0","bK13H14T"
"(2014 OY391)","2018-2113","48","3.4e-7","14.76","26.0","0.022","-6.19","-6.65","0","bK14Od1Y"
"(2010 VO139)","2022-2115","217","1.6e-6","20.62","26.6","0.017","-6.20","-7.30","0","bK10VD9O"
"(2002 UV36)","2087-2087","1","7.0e-6","8.06","26.7","0.016","-6.22","-6.22","0","bK02U36V"
"(2016 AB166)","2106-2108","3","3.1e-7","21.61","24.4","0.044","-6.22","-6.34","0","bK16AG6B"
"(2001 UD5)","2107-2107","1","4.1e-8","16.73","22.4","0.110","-6.23","-6.23","0","bK01U05D"
"(2005 TA)","2082-2115","17","2.0e-5","4.81","27.2","0.012","-6.23","-6.74","0","bK05T00A"
"(2017 UP43)","2110-2116","5","7.0e-6","7.91","26.4","0.018","-6.23","-6.52","0","bK17U43P"
"(2006 SR131)","2060-2116","30","2.8e-5","8.46","28.0","0.009","-6.24","-6.95","0","bK06SD1R"
"(2017 QM33)","2071-2107","12","1.1e-5","17.61","27.8","0.010","-6.24","-6.28","0","bK17Q33M"
"(2014 JV79)","2021-2116","168","2.9e-7","11.14","25.2","0.031","-6.24","-7.04","0","bK14J79V"
"(2015 UR67)","2091-2091","1","3.7e-6","11.63","26.3","0.019","-6.24","-6.24","0","bK15U67R"
"(2017 DG16)","2074-2105","29","1.5e-4","6.48","29.4","0.004","-6.24","-6.31","0","bK17D16G"
"(2007 VH189)","2037-2045","5","2.8e-8","18.48","23.4","0.073","-6.25","-6.69","0","bK07VI9H"
"(2007 DC)","2045-2115","57","1.2e-5","6.75","27.5","0.011","-6.26","-7.01","0","bK07D00C"
"(2007 US51)","2082-2114","8","8.8e-6","15.26","27.2","0.012","-6.28","-6.39","0","bK07U51S"
"(2008 EA9)","2068-2106","6","2.3e-5","1.24","27.7","0.010","-6.28","-6.70","0","bK08E09A"
"(2011 WN69)","2038-2109","4","1.8e-6","23.08","26.2","0.019","-6.28","-6.53","0","bK11W69N"
"(2011 BA60)","2029-2079","3","4.6e-9","14.82","22.0","0.140","-6.30","-6.54","0","bK11B60A"
"(2013 YB)","2017-2063","28","8.1e-5","8.93","31.4","0.002","-6.30","-6.60","0","bK13Y00B"
"(2016 EP84)","2092-2106","3","1.9e-5","2.33","27.4","0.011","-6.30","-6.37","0","bK16E84P"
"(2017 TW5)","2072-2115","5","4.7e-6","15.26","27.1","0.013","-6.30","-6.38","0","bK17T05W"
"(2017 SU17)","2069-2117","34","2.8e-5","8.32","28.0","0.009","-6.30","-6.84","0","bK17S17U"
"(2003 WT153)","2044-2108","57","2.7e-5","4.33","28.1","0.008","-6.31","-6.96","0","bK03WF3T"
"(2004 BN41)","2086-2116","3","2.5e-6","7.76","25.8","0.024","-6.31","-6.60","0","bK04B41N"
"(2008 LD)","2049-2116","56","9.3e-5","4.13","28.9","0.006","-6.31","-7.11","0","bK08L00D"
"(2008 XU2)","2039-2039","1","4.8e-7","9.93","25.6","0.026","-6.31","-6.31","0","bK08X02U"
"(2006 DN)","2056-2056","1","3.6e-7","4.00","24.5","0.043","-6.31","-6.31","0","bK06D00N"
"(2008 KN11)","2046-2046","1","3.6e-8","13.83","23.3","0.075","-6.32","-6.32","0","bK08K11N"
"(2010 TD)","2072-2091","5","2.7e-6","18.86","26.9","0.014","-6.33","-6.68","0","bK10T00D"
"(2008 UY91)","2018-2116","49","5.5e-8","15.25","24.8","0.036","-6.34","-6.63","0","bK08U91Y"
"(2016 JG38)","2021-2116","127","7.0e-8","17.35","24.1","0.051","-6.34","-7.36","0","bK16J38G"
"(2017 DW119)","2023-2113","34","1.6e-6","8.71","26.6","0.016","-6.34","-6.87","0","bK17DB9W"
"(2010 TN55)","2074-2116","18","2.7e-6","25.38","27.0","0.014","-6.35","-6.97","0","bK10T55N"
"(2010 VP139)","2017-2116","392","1.4e-5","2.80","28.6","0.006","-6.36","-7.17","0","bK10VD9P"
"(2011 UC64)","2093-2115","28","1.7e-5","14.05","27.9","0.009","-6.36","-7.02","0","bK11U64C"
"(2008 VL)","2018-2116","634","1.2e-5","9.55","28.0","0.009","-6.36","-7.55","0","bK08V00L"
"(2014 UX34)","2084-2084","1","1.3e-8","26.07","22.4","0.110","-6.37","-6.37","0","bK14U34X"
"(2017 SC33)","2024-2029","2","3.6e-10","25.18","21.1","0.210","-6.37","-6.50","0","bK17S33C"
"(2001 HJ31)","2116-2116","1","1.9e-7","11.49","23.6","0.063","-6.38","-6.38","0","bK01H31J"
"(2013 AB65)","2094-2116","11","6.1e-6","24.42","27.6","0.010","-6.38","-6.53","0","bK13A65B"
"(2016 TQ2)","2110-2115","7","3.1e-6","15.21","26.4","0.017","-6.38","-6.70","0","bK16T02Q"
"(2017 TA5)","2081-2117","17","9.4e-6","10.73","27.3","0.012","-6.38","-6.92","0","bK17T05A"
"(2017 BG92)","2031-2110","23","3.0e-5","5.30","28.6","0.006","-6.39","-6.52","0","bK17B92G"
"(2017 DA120)","2024-2041","4","7.0e-10","15.51","20.9","0.230","-6.40","-6.59","0","bK17DC0A"
"(2010 UC7)","2112-2112","7","5.1e-7","13.28","24.7","0.038","-6.40","-6.96","0","bK10U07C"
"(2012 BG96)","2057-2057","1","5.1e-10","8.39","18.9","0.550","-6.40","-6.40","0","bK12B96G"
"(2008 US)","2018-2069","30","1.1e-5","18.49","31.4","0.002","-6.41","-6.56","0","bK08U00S"
"(2011 QF48)","2067-2067","2","3.1e-7","19.92","25.3","0.030","-6.41","-6.55","0","bK11Q48F"
"(2009 FP32)","2073-2117","16","1.0e-5","15.04","27.8","0.010","-6.42","-7.02","0","bK09F32P"
"(2011 YQ1)","2113-2113","1","1.4e-6","11.65","25.6","0.026","-6.42","-6.42","0","bK11Y01Q"
"(2004 XB45)","2035-2066","2","4.1e-7","17.02","26.3","0.019","-6.43","-6.44","0","bK04X45B"
"(2014 EU)","2080-2117","9","1.6e-5","5.64","27.7","0.010","-6.43","-6.57","0","bK14E00U"
"(2016 XL23)","2080-2098","3","6.1e-5","9.95","29.3","0.005","-6.43","-6.44","0","bK16X23L"
"(2014 HG196)","2018-2117","333","9.8e-7","6.85","26.6","0.016","-6.43","-7.44","0","bK14HJ6G"
"(1998 DK36)","2027-2100","17","5.6e-7","6.19","25.0","0.034","-6.45","-6.48","0","bJ98D36K"
"(2008 VM)","2020-2031","2","3.6e-5","10.26","30.2","0.003","-6.45","-6.45","0","bK08V00M"
"(2011 UL169)","2057-2066","5","1.3e-5","9.35","28.3","0.007","-6.45","-6.50","0","bK11UG9L"
"(2015 XP)","2067-2067","1","1.1e-6","8.23","25.8","0.024","-6.45","-6.45","0","bK15X00P"
"(2016 JA6)","2081-2099","5","2.7e-6","11.33","26.4","0.018","-6.45","-6.51","0","bK16J06A"
"(2012 UU158)","2042-2078","5","2.9e-6","12.27","26.9","0.014","-6.46","-6.51","0","bK12UF8U"
"(2014 OX3)","2108-2116","2","1.4e-5","12.79","27.8","0.009","-6.46","-6.46","0","bK14O03X"
"(2006 GU2)","2022-2116","47","1.5e-5","7.31","27.8","0.009","-6.47","-7.25","0","bK06G02U"
"(2008 GM2)","2090-2117","46","3.8e-5","4.62","28.4","0.007","-6.47","-7.01","0","bK08G02M"
"(2016 WY)","2084-2111","12","1.0e-4","3.24","29.2","0.005","-6.47","-6.58","0","bK16W00Y"
"(2017 MA9)","2042-2104","12","4.4e-9","19.31","21.5","0.170","-6.49","-7.04","0","bK17M09A"
"(2004 RU109)","2038-2053","5","8.4e-7","12.93","26.5","0.017","-6.50","-6.84","0","bK04RA9U"
"(2009 EW)","2075-2081","4","1.7e-6","12.82","26.4","0.018","-6.50","-6.67","0","bK09E00W"
"(2008 SH148)","2017-2116","162","9.2e-7","9.21","26.1","0.020","-6.51","-7.44","0","bK08SE8H"
"(2014 SR223)","2063-2063","1","1.6e-6","15.23","26.8","0.015","-6.51","-6.51","0","bK14SM3R"
"(2017 UK3)","2115-2115","3","6.3e-6","13.37","27.2","0.012","-6.51","-6.71","0","bK17U03K"
"(2017 AT20)","2039-2116","231","5.3e-6","7.65","27.1","0.013","-6.52","-6.97","0","bK17A20T"
"(2010 FN)","2079-2116","10","3.9e-6","6.79","26.6","0.016","-6.53","-6.99","0","bK10F00N"
"(2010 NN)","2049-2116","45","2.1e-5","7.73","28.4","0.007","-6.53","-6.98","0","bK10N00N"
"(2012 VE77)","2035-2035","1","3.8e-7","15.28","26.4","0.018","-6.53","-6.53","0","bK12V77E"
"(2013 PG10)","2056-2113","8","8.6e-6","6.87","27.7","0.010","-6.53","-6.63","0","bK13P10G"
"(2015 QS8)","2116-2116","1","4.2e-6","8.04","26.5","0.017","-6.53","-6.53","0","bK15Q08S"
"(2015 EG7)","2065-2115","12","5.7e-6","12.79","27.4","0.011","-6.53","-6.59","0","bK15E07G"
"(2008 UA202)","2050-2108","72","8.1e-5","2.30","29.4","0.004","-6.54","-7.36","0","bK08UK2A"
"(2009 WW7)","2050-2116","23","4.5e-5","8.19","28.9","0.006","-6.54","-6.98","0","bK09W07W"
"(2012 CU)","2040-2100","5","1.2e-6","10.94","26.0","0.021","-6.54","-6.92","0","bK12C00U"
"(2008 TS10)","2068-2116","21","4.7e-5","3.18","28.8","0.006","-6.55","-7.39","0","bK08T10S"
"(2010 NH)","2089-2092","2","1.0e-6","10.29","25.7","0.025","-6.55","-6.60","0","bK10N00H"
"(2012 EP10)","2056-2117","39","7.7e-5","2.79","29.2","0.005","-6.55","-6.77","0","bK12E10P"
"(2017 QU34)","2083-2111","10","1.2e-5","14.49","28.3","0.007","-6.55","-6.78","0","bK17Q34U"
"(2009 WQ25)","2094-2094","1","9.3e-8","16.94","23.9","0.055","-6.56","-6.56","0","bK09W25Q"
"(2017 RN16)","2076-2117","30","5.4e-5","8.13","29.1","0.005","-6.56","-6.70","0","bK17R16N"
"(2010 FD)","2085-2104","3","1.3e-6","9.79","26.0","0.021","-6.57","-6.60","0","bK10F00D"
"(2015 UH52)","2075-2102","4","1.2e-6","11.20","26.0","0.022","-6.58","-6.94","0","bK15U52H"
"(2011 YC63)","2034-2048","4","4.5e-6","18.83","29.0","0.005","-6.60","-6.62","0","bK11Y63C"
"(2009 YR)","2060-2087","8","1.1e-5","3.12","28.0","0.009","-6.61","-6.94","0","bK09Y00R"
"(2017 TB)","2054-2117","54","5.1e-5","5.79","29.1","0.005","-6.61","-7.22","0","bK17T00B"
"(2012 KP24)","2032-2032","1","3.4e-7","12.74","26.4","0.017","-6.62","-6.62","0","bK12K24P"
"(2016 EV84)","2056-2117","8","2.8e-6","7.41","26.8","0.015","-6.62","-6.84","0","bK16E84V"
"(2016 XP23)","2110-2110","1","6.4e-10","24.85","19.8","0.370","-6.62","-6.62","0","bK16X23P"
"(2015 CL13)","2090-2106","4","6.5e-7","13.70","25.7","0.025","-6.63","-7.02","0","bK15C13L"
"(1997 UA11)","2073-2073","1","2.9e-7","11.96","25.1","0.032","-6.64","-6.64","0","bJ97U11A"
"(2003 UQ25)","2093-2093","1","9.4e-8","18.01","24.2","0.049","-6.64","-6.64","0","bK03U25Q"
"(2005 GQ33)","2023-2110","24","2.8e-8","20.92","23.7","0.063","-6.64","-7.38","0","bK05G33Q"
"(2010 WW8)","2017-2112","86","1.5e-7","5.32","26.4","0.018","-6.64","-6.94","0","bK10W08W"
"(2014 QN266)","2078-2109","3","2.0e-6","2.85","26.2","0.019","-6.64","-6.69","0","bK14QQ6N"
"(2017 RP16)","2065-2112","11","4.1e-6","10.33","27.2","0.012","-6.64","-7.09","0","bK17R16P"
"(2015 HQ182)","2020-2114","188","1.6e-7","6.61","25.0","0.034","-6.65","-7.17","0","bK15HI2Q"
"(2016 JP38)","2020-2078","29","2.1e-8","9.71","24.4","0.044","-6.65","-6.97","0","bK16J38P"
"(2008 OO1)","2107-2107","1","2.3e-7","12.96","24.6","0.041","-6.66","-6.66","0","bK08O01O"
"(2011 AZ36)","2026-2116","176","4.1e-7","7.61","25.1","0.032","-6.66","-8.03","0","bK11A36Z"
"(2016 JL38)","2023-2116","108","6.0e-7","2.89","26.2","0.020","-6.66","-7.40","0","bK16J38L"
"(2007 SN6)","2022-2059","2","1.1e-7","18.32","25.0","0.033","-6.67","-6.73","0","bK07S06N"
"(2015 WP2)","2080-2116","22","7.6e-5","12.62","30.1","0.003","-6.67","-7.06","0","bK15W02P"
"(2008 BC15)","2072-2094","2","9.2e-7","20.66","26.6","0.016","-6.68","-6.91","0","bK08B15C"
"(2010 XQ)","2021-2116","69","2.1e-7","9.79","25.2","0.031","-6.68","-7.36","0","bK10X00Q"
"(2013 TV132)","2099-2115","6","2.6e-6","9.16","26.5","0.017","-6.68","-7.04","0","bK13TD2V"
"(1997 TC25)","2096-2096","1","2.6e-7","9.89","24.7","0.039","-6.70","-6.70","0","bJ97T25C"
"(2014 MB6)","2052-2075","2","8.1e-7","13.07","26.2","0.019","-6.70","-6.71","0","bK14M06B"
"(2006 WM3)","2113-2113","1","5.8e-8","10.41","23.2","0.078","-6.70","-6.70","0","bK06W03M"
"(1993 UA)","2111-2111","2","7.1e-7","9.40","25.4","0.028","-6.71","-6.87","0","bJ93U00A"
"(2006 BF56)","2092-2117","19","2.3e-5","26.15","29.6","0.004","-6.71","-7.22","0","bK06B56F"
"(2014 XM7)","2115-2115","1","3.8e-8","11.49","22.9","0.089","-6.72","-6.72","0","bK14X07M"
"(2005 UL6)","2068-2068","2","1.1e-7","12.04","24.5","0.042","-6.73","-6.93","0","bK05U06L"
"(2007 CS5)","2096-2110","4","3.1e-7","4.99","24.5","0.042","-6.73","-7.15","0","bK07C05S"
"(2011 BH40)","2023-2116","64","1.4e-7","5.40","25.1","0.033","-6.73","-7.38","0","bK11B40H"
"(2014 HJ198)","2022-2116","124","6.8e-7","21.82","26.8","0.015","-6.74","-7.69","0","bK14HJ8J"
"(2010 RA91)","2114-2117","2","6.7e-8","10.17","23.4","0.072","-6.74","-6.93","0","bK10R91A"
"(2017 EA)","2046-2066","3","3.9e-5","17.33","30.6","0.003","-6.75","-6.78","0","bK17E00A"
"(2015 HW182)","2018-2116","178","5.2e-8","10.84","25.2","0.031","-6.75","-7.54","0","bK15HI2W"
"(2010 UR7)","2079-2086","3","2.8e-6","13.33","27.4","0.011","-6.76","-7.08","0","bK10U07R"
"(2017 RK2)","2083-2083","1","8.6e-6","7.30","28.0","0.009","-6.76","-6.76","0","bK17R02K"
"(2013 PS13)","2096-2096","1","2.4e-6","17.26","27.3","0.012","-6.76","-6.76","0","bK13P13S"
"(2017 HJ)","2070-2117","20","3.4e-6","14.83","27.5","0.011","-6.77","-7.57","0","bK17H00J"
"(2007 UT3)","2054-2116","8","5.1e-7","9.05","25.7","0.024","-6.78","-7.15","0","bK07U03T"
"(2016 FZ13)","2108-2117","6","2.0e-5","4.30","28.3","0.007","-6.78","-7.13","0","bK16F13Z"
"(2010 CA)","2022-2022","1","7.4e-9","14.70","24.4","0.044","-6.79","-6.79","0","bK10C00A"
"(2014 FE)","2034-2081","11","1.6e-6","19.91","27.6","0.010","-6.79","-7.35","0","bK14F00E"
"(2004 DA53)","2111-2112","3","9.0e-6","9.35","27.9","0.009","-6.80","-6.87","0","bK04D53A"
"(2005 BS1)","2024-2041","3","2.8e-7","12.35","27.3","0.012","-6.81","-6.89","0","bK05B01S"
"(2013 NE24)","2059-2112","9","3.4e-6","10.73","27.4","0.011","-6.81","-7.17","0","bK13N24E"
"(2002 XV90)","2101-2114","7","4.8e-7","7.63","25.2","0.031","-6.82","-7.07","0","bK02X90V"
"(2014 TL)","2072-2114","8","6.3e-6","10.72","27.8","0.009","-6.82","-7.00","0","bK14T00L"
"(2015 HE183)","2058-2105","24","6.0e-6","13.73","28.3","0.008","-6.82","-7.28","0","bK15HI3E"
"(2010 RM80)","2085-2116","21","1.1e-5","5.36","27.9","0.009","-6.83","-7.34","0","bK10R80M"
"(2014 HY198)","2041-2116","240","4.4e-5","6.53","29.6","0.004","-6.83","-7.39","0","bK14HJ8Y"
"(2017 DB120)","2053-2103","8","1.3e-8","14.35","23.0","0.085","-6.84","-7.13","0","bK17DC0B"
"(2007 EZ25)","2087-2087","2","2.1e-7","20.74","25.6","0.026","-6.84","-7.09","0","bK07E25Z"
"(2006 QK33)","2116-2116","1","5.7e-8","12.46","23.6","0.065","-6.85","-6.85","0","bK06Q33K"
"(2009 ST171)","2066-2066","1","1.2e-6","9.83","26.8","0.015","-6.86","-6.86","0","bK09SH1T"
"(2012 BP123)","2021-2117","306","1.3e-6","4.85","27.1","0.013","-6.87","-7.70","0","bK12BC3P"
"(2014 LJ)","2055-2116","40","1.5e-5","3.61","28.5","0.007","-6.89","-7.82","0","bK14L00J"
"(2015 FF36)","2059-2077","7","9.5e-7","8.85","26.5","0.017","-6.89","-7.16","0","bK15F36F"
"(2016 SU2)","2102-2115","12","4.4e-6","12.73","27.7","0.010","-6.89","-7.27","0","bK16S02U"
"(2006 UC64)","2069-2085","4","8.7e-8","20.09","25.0","0.034","-6.89","-7.21","0","bK06U64C"
"(2017 HZ4)","2091-2106","2","8.2e-7","5.91","25.9","0.023","-6.89","-7.17","0","bK17H04Z"
"(2006 UQ216)","2061-2116","7","4.3e-6","3.73","27.3","0.012","-6.90","-7.19","0","bK06UL6Q"
"(2016 JB29)","2090-2090","1","1.7e-7","8.56","24.7","0.039","-6.90","-6.90","0","bK16J29B"
"(2016 PR66)","2026-2113","23","1.2e-8","10.32","23.3","0.075","-6.90","-7.42","0","bK16P66R"
"(2011 CF22)","2030-2117","168","5.1e-5","18.80","30.9","0.002","-6.91","-7.73","0","bK11C22F"
"(2016 DK2)","2069-2110","2","7.7e-6","17.58","29.1","0.005","-6.91","-6.91","0","bK16D02K"
"(2007 EN88)","2094-2104","3","1.0e-6","12.16","26.4","0.017","-6.92","-7.08","0","bK07E88N"
"(2016 JN38)","2039-2116","101","6.5e-6","19.52","29.1","0.005","-6.92","-7.80","0","bK16J38N"
"(2017 RU2)","2093-2093","1","5.7e-7","7.73","25.8","0.024","-6.92","-6.92","0","bK17R02U"
"(2014 CE)","2111-2117","4","2.0e-6","13.02","27.0","0.013","-6.93","-7.10","0","bK14C00E"
"(2015 VP64)","2087-2087","2","3.5e-6","20.96","28.3","0.007","-6.93","-6.94","0","bK15V64P"
"(2009 WZ53)","2020-2104","8","1.2e-8","18.98","24.1","0.052","-6.94","-7.10","0","bK09W53Z"
"(2011 YC40)","2028-2050","7","5.7e-6","10.92","29.7","0.004","-6.94","-7.00","0","bK11Y40C"
"(2013 QM48)","2071-2116","19","3.8e-6","7.47","27.4","0.011","-6.94","-7.64","0","bK13Q48M"
"(2013 UR1)","2050-2060","4","8.5e-7","21.69","27.8","0.009","-6.95","-7.01","0","bK13U01R"
"(2008 WO2)","2065-2111","9","4.9e-5","6.11","29.8","0.004","-6.96","-7.32","0","bK08W02O"
"(2017 QT1)","2050-2069","3","3.1e-7","20.02","26.8","0.015","-6.98","-7.06","0","bK17Q01T"
"(2015 VK1)","2103-2109","2","7.7e-7","14.73","26.5","0.017","-6.98","-7.14","0","bK15V01K"
"(2016 VA18)","2020-2116","501","2.6e-6","8.75","28.5","0.007","-6.98","-7.69","0","bK16V18A"
"(2017 FC1)","2064-2064","1","4.5e-7","8.28","26.1","0.020","-6.98","-6.98","0","bK17F01C"
"(2012 BW13)","2086-2111","8","2.0e-6","11.68","27.2","0.012","-6.99","-7.37","0","bK12B13W"
"(2013 BR15)","2100-2110","3","1.6e-7","14.08","25.1","0.032","-6.99","-7.13","0","bK13B15R"
"(2015 BY3)","2033-2080","7","8.0e-7","16.56","27.5","0.011","-6.99","-7.45","0","bK15B03Y"
"(2008 XK)","2019-2109","101","4.0e-7","11.44","27.2","0.012","-7.00","-7.49","0","bK08X00K"
"(2016 CH30)","2100-2112","3","7.1e-6","5.46","28.0","0.009","-7.00","-7.05","0","bK16C30H"
"(2017 SS12)","2074-2113","7","1.7e-6","10.09","27.1","0.013","-7.01","-7.42","0","bK17S12S"
"(2017 AR20)","2023-2023","1","1.3e-10","18.52","21.3","0.190","-7.02","-7.02","0","bK17A20R"
"(2013 GW38)","2061-2113","14","6.5e-6","10.27","28.5","0.007","-7.03","-7.50","0","bK13G38W"
"(2000 SZ162)","2070-2109","6","1.9e-6","4.16","27.1","0.013","-7.04","-7.39","0","bK00SG2Z"
"(2017 KQ27)","2117-2117","1","4.7e-7","10.96","25.8","0.023","-7.04","-7.04","0","bK17K27Q"
"(2013 RR43)","2050-2057","2","6.0e-8","18.99","25.4","0.028","-7.05","-7.13","0","bK13R43R"
"(2006 HE2)","2081-2103","3","1.1e-6","5.03","26.5","0.017","-7.06","-7.32","0","bK06H02E"
"(2006 WP1)","2017-2017","1","2.6e-8","17.77","28.3","0.007","-7.06","-7.06","0","bK06W01P"
"(2006 YE)","2082-2095","4","2.4e-6","6.01","27.3","0.012","-7.06","-7.35","0","bK06Y00E"
"(2016 TT)","2084-2095","4","4.0e-7","11.56","26.0","0.021","-7.06","-7.43","0","bK16T00T"
"(2017 RJ2)","2108-2111","7","1.9e-6","15.86","27.5","0.011","-7.07","-7.38","0","bK17R02J"
"(2005 VP)","2053-2103","20","1.0e-7","12.83","25.5","0.027","-7.09","-7.55","0","bK05V00P"
"(2017 FW90)","2101-2103","3","7.4e-6","4.16","28.1","0.008","-7.09","-7.40","0","bK17F90W"
"(2003 YS70)","2107-2116","2","1.7e-5","3.16","28.8","0.006","-7.10","-7.26","0","bK03Y70S"
"(2016 GU2)","2113-2113","1","1.2e-8","39.17","24.1","0.052","-7.10","-7.10","0","bK16G02U"
"(2016 WU)","2089-2109","3","2.6e-6","7.05","27.3","0.012","-7.11","-7.11","0","bK16W00U"
"(2013 XU21)","2055-2055","1","2.3e-7","11.04","26.2","0.020","-7.12","-7.12","0","bK13X21U"
"(2014 HR197)","2018-2112","197","8.0e-8","17.06","26.9","0.014","-7.13","-7.92","0","bK14HJ7R"
"(2015 YM1)","2096-2115","5","6.9e-6","6.81","28.4","0.007","-7.14","-7.23","0","bK15Y01M"
"(2016 AU193)","2109-2109","1","9.4e-8","21.77","25.3","0.030","-7.15","-7.15","0","bK16AJ3U"
"(2012 CR)","2025-2025","1","1.2e-10","14.18","21.0","0.210","-7.16","-7.16","0","bK12C00R"
"(2016 RQ41)","2116-2116","1","1.7e-10","30.50","20.0","0.350","-7.16","-7.16","0","bK16R41Q"
"(2008 UA92)","2078-2078","1","1.3e-6","8.38","27.3","0.012","-7.18","-7.18","0","bK08U92A"
"(2016 TQ54)","2096-2113","7","1.7e-6","9.00","27.3","0.012","-7.18","-7.69","0","bK16T54Q"
"(2016 WT)","2072-2115","33","2.4e-5","10.71","29.7","0.004","-7.18","-7.94","0","bK16W00T"
"(2017 TP2)","2090-2090","1","5.9e-8","10.93","24.5","0.043","-7.18","-7.18","0","bK17T02P"
"(2005 UA1)","2036-2036","1","9.1e-8","14.68","26.4","0.018","-7.19","-7.19","0","bK05U01A"
"(2010 CK19)","2089-2116","7","4.4e-6","5.01","27.9","0.009","-7.19","-7.75","0","bK10C19K"
"(2008 HC38)","2029-2029","1","4.4e-8","14.05","26.1","0.020","-7.20","-7.20","0","bK08H38C"
"(2012 SU9)","2084-2111","6","1.4e-6","10.85","27.2","0.012","-7.21","-7.39","0","bK12S09U"
"(2014 HE199)","2039-2039","1","2.4e-8","14.50","25.0","0.033","-7.21","-7.21","0","bK14HJ9E"
"(2011 FA23)","2025-2102","6","3.6e-6","14.34","28.9","0.006","-7.22","-7.37","0","bK11F23A"
"(2010 VN1)","2050-2066","5","1.9e-6","10.98","28.3","0.007","-7.23","-7.45","0","bK10V01N"
"(2016 EG28)","2079-2108","6","1.8e-6","14.66","27.8","0.009","-7.23","-7.47","0","bK16E28G"
"(2010 XC)","2017-2111","332","3.0e-6","3.94","29.1","0.005","-7.24","-7.91","0","bK10X00C"
"(2011 SE58)","2042-2055","3","5.8e-7","15.69","27.6","0.010","-7.25","-7.39","0","bK11S58E"
"(2014 KC45)","2066-2110","20","1.2e-5","8.91","29.4","0.004","-7.25","-7.71","0","bK14K45C"
"(2004 XG29)","2112-2114","2","2.5e-7","5.10","25.4","0.029","-7.26","-7.39","0","bK04X29G"
"(2006 DO62)","2036-2095","13","1.8e-6","11.30","28.3","0.008","-7.27","-7.69","0","bK06D62O"
"(2010 VR139)","2019-2076","14","4.6e-8","5.43","26.7","0.016","-7.27","-7.29","0","bK10VD9R"
"(2002 EM7)","2117-2117","2","6.1e-8","10.28","24.4","0.045","-7.27","-7.28","0","bK02E07M"
"(2017 KC36)","2037-2061","3","6.5e-7","11.93","27.4","0.011","-7.27","-7.32","0","bK17K36C"
"(2017 RX17)","2029-2116","43","3.3e-7","7.54","26.9","0.014","-7.28","-8.02","0","bK17R17X"
"(2017 PL26)","2100-2100","1","4.4e-9","8.72","22.1","0.130","-7.29","-7.29","0","bK17P26L"
"(2017 BK30)","2085-2085","2","9.0e-7","9.95","27.2","0.012","-7.30","-7.54","0","bK17B30K"
"(2014 JU79)","2030-2101","10","4.2e-9","6.31","23.0","0.084","-7.30","-7.83","0","bK14J79U"
"(2015 HS182)","2018-2113","114","5.2e-8","7.35","25.8","0.023","-7.30","-7.98","0","bK15HI2S"
"(2016 BQ15)","2072-2098","2","4.1e-8","21.04","25.1","0.032","-7.30","-7.48","0","bK16B15Q"
"(2014 HJ197)","2036-2116","412","1.9e-5","4.63","30.2","0.003","-7.31","-7.84","0","bK14HJ7J"
"(2008 BN16)","2083-2083","1","1.1e-7","18.62","25.9","0.022","-7.32","-7.32","0","bK08B16N"
"(2012 TU231)","2111-2111","1","3.8e-7","9.97","26.2","0.020","-7.33","-7.33","0","bK12TN1U"
"(2014 WE6)","2104-2109","5","4.7e-5","4.42","30.3","0.003","-7.33","-7.62","0","bK14W06E"
"(2016 TC57)","2112-2112","1","1.1e-6","8.74","27.0","0.013","-7.33","-7.33","0","bK16T57C"
"(2016 WN7)","2095-2095","1","2.6e-6","6.16","27.9","0.009","-7.33","-7.33","0","bK16W07N"
"(2006 XZ2)","2074-2115","6","7.5e-7","9.05","27.1","0.013","-7.34","-7.63","0","bK06X02Z"
"(2008 KT)","2091-2116","9","5.3e-6","2.99","28.2","0.008","-7.34","-7.52","0","bK08K00T"
"(2011 UD21)","2116-2116","1","7.4e-6","1.32","28.5","0.007","-7.35","-7.35","0","bK11U21D"
"(2016 LE10)","2035-2072","3","4.0e-7","12.63","27.1","0.013","-7.35","-7.56","0","bK16L10E"
"(2016 TH)","2072-2115","26","9.3e-6","7.41","29.4","0.004","-7.39","-7.58","0","bK16T00H"
"(2017 DP109)","2086-2086","2","4.3e-7","12.33","26.9","0.014","-7.39","-7.58","0","bK17DA9P"
"(2013 JM22)","2095-2095","1","3.2e-9","29.67","23.3","0.075","-7.39","-7.39","0","bK13J22M"
"(2011 EM40)","2054-2113","12","1.4e-6","10.70","28.0","0.009","-7.40","-8.01","0","bK11E40M"
"(2015 VL64)","2085-2109","8","3.0e-6","8.68","28.3","0.007","-7.40","-7.97","0","bK15V64L"
"(2006 WK130)","2103-2103","1","2.0e-9","20.74","22.4","0.110","-7.41","-7.41","0","bK06WD0K"
"(2007 EE126)","2065-2092","3","3.2e-8","31.60","25.6","0.026","-7.41","-7.62","0","bK07EC6E"
"(2012 UE)","2040-2058","6","9.3e-7","13.22","28.4","0.007","-7.41","-7.70","0","bK12U00E"
"(2016 WR55)","2100-2115","13","2.5e-6","14.12","28.3","0.007","-7.41","-7.74","0","bK16W55R"
"(1993 HP1)","2065-2112","4","4.5e-7","9.84","26.9","0.014","-7.42","-7.63","0","bJ93H01P"
"(2008 CJ)","2061-2106","2","1.1e-6","8.06","27.3","0.012","-7.42","-7.42","0","bK08C00J"
"(2009 WJ6)","2049-2056","2","3.0e-7","18.16","27.6","0.010","-7.43","-7.45","0","bK09W06J"
"(2016 VZ17)","2021-2116","179","4.1e-7","9.72","27.4","0.011","-7.43","-8.43","0","bK16V17Z"
"(2001 SD286)","2080-2080","1","5.7e-8","12.56","25.2","0.030","-7.44","-7.44","0","bK01SS6D"
"(2008 CB6)","2083-2105","3","7.2e-7","7.43","27.1","0.013","-7.44","-7.52","0","bK08C06B"
"(2016 JA)","2064-2103","9","1.0e-6","7.59","27.5","0.011","-7.44","-7.86","0","bK16J00A"
"(2016 SR2)","2103-2105","2","3.9e-7","5.96","26.3","0.019","-7.44","-7.61","0","bK16S02R"
"(2011 AZ22)","2034-2114","8","1.1e-6","12.52","28.6","0.006","-7.45","-7.55","0","bK11A22Z"
"(2011 UR63)","2110-2110","2","1.4e-7","12.57","25.7","0.024","-7.45","-7.57","0","bK11U63R"
"(2017 SQ2)","2092-2092","1","1.6e-7","9.76","25.9","0.023","-7.45","-7.45","0","bK17S02Q"
"(2010 XP)","2021-2116","73","1.4e-7","8.25","26.8","0.015","-7.46","-7.91","0","bK10X00P"
"(2014 KS76)","2089-2107","3","4.4e-7","7.18","26.6","0.016","-7.46","-7.62","0","bK14K76S"
"(2004 FY3)","2104-2116","2","7.5e-8","11.79","25.1","0.032","-7.47","-7.51","0","bK04F03Y"
"(2015 VN64)","2088-2094","3","6.2e-7","15.86","27.5","0.010","-7.47","-7.73","0","bK15V64N"
"(2016 QY84)","2020-2116","815","2.7e-5","3.16","31.7","0.002","-7.47","-8.65","0","bK16Q84Y"
"(2015 VO142)","2046-2110","13","6.4e-6","2.80","29.0","0.005","-7.48","-7.73","0","bK15VE2O"
"(2017 GF8)","2047-2110","5","6.5e-9","9.36","23.3","0.075","-7.48","-7.66","0","bK17G08F"
"(2011 AD3)","2027-2116","74","1.6e-7","12.63","26.6","0.017","-7.49","-8.37","0","bK11A03D"
"(2014 HN197)","2041-2041","2","2.6e-10","8.35","21.1","0.204","-7.50","-7.78","0","bK14HJ7N"
"(2007 XB23)","2078-2115","10","6.7e-7","4.58","27.1","0.013","-7.51","-7.79","0","bK07X23B"
"(2003 DW10)","2046-2058","2","8.7e-8","7.83","26.1","0.020","-7.52","-7.68","0","bK03D10W"
"(2013 XS21)","2079-2111","10","7.8e-6","7.50","29.4","0.004","-7.52","-7.82","0","bK13X21S"
"(2014 HN198)","2019-2117","98","2.5e-8","9.51","25.7","0.024","-7.52","-8.09","0","bK14HJ8N"
"(2002 AN129)","2091-2091","1","1.3e-7","11.58","26.0","0.021","-7.54","-7.54","0","bK02AC9N"
"(2016 EL1)","2068-2109","6","5.4e-7","19.90","27.8","0.009","-7.56","-8.01","0","bK16E01L"
"(2015 EG)","2115-2115","1","1.3e-7","9.56","25.7","0.025","-7.57","-7.57","0","bK15E00G"
"(2017 FW158)","2067-2115","16","1.4e-6","15.00","28.4","0.007","-7.57","-8.25","0","bK17FF8W"
"(2017 OO1)","2115-2115","1","3.5e-8","10.04","24.5","0.042","-7.57","-7.57","0","bK17O01O"
"(2007 FP3)","2055-2113","13","2.0e-6","9.65","28.4","0.007","-7.58","-7.92","0","bK07F03P"
"(2017 UL5)","2100-2111","2","2.6e-7","8.14","26.4","0.018","-7.58","-7.61","0","bK17U05L"
"(2007 EH26)","2110-2110","1","1.2e-8","20.17","24.2","0.048","-7.59","-7.59","0","bK07E26H"
"(2007 VD8)","2023-2112","59","3.5e-7","12.65","27.7","0.010","-7.60","-8.43","0","bK07V08D"
"(2016 PA79)","2037-2102","10","1.1e-8","12.69","24.3","0.047","-7.60","-8.24","0","bK16P79A"
"(2017 FB102)","2051-2102","5","2.0e-7","8.78","26.8","0.015","-7.60","-7.86","0","bK17FA2B"
"(2013 CY)","2072-2111","7","2.2e-6","2.42","28.2","0.008","-7.61","-7.95","0","bK13C00Y"
"(2017 CY32)","2041-2110","7","4.1e-7","19.78","28.4","0.007","-7.61","-7.94","0","bK17C32Y"
"(2008 EK68)","2018-2117","244","3.2e-6","7.62","29.8","0.004","-7.63","-8.70","0","bK08E68K"
"(2008 JD33)","2018-2117","160","2.6e-7","4.64","28.1","0.009","-7.63","-8.34","0","bK08J33D"
"(2008 YD3)","2021-2110","30","5.3e-8","9.17","26.0","0.022","-7.64","-8.11","0","bK08Y03D"
"(2014 HV2)","2116-2116","1","1.2e-7","13.17","26.0","0.021","-7.64","-7.64","0","bK14H02V"
"(2017 UQ6)","2080-2099","3","6.4e-7","3.00","27.2","0.012","-7.64","-7.88","0","bK17U06Q"
"(2014 HB177)","2085-2099","2","1.7e-6","6.08","28.3","0.007","-7.65","-7.69","0","bK14HH7B"
"(2011 DX4)","2023-2114","24","4.9e-8","17.66","26.5","0.017","-7.66","-8.32","0","bK11D04X"
"(2017 FA159)","2022-2116","180","8.7e-7","6.96","28.6","0.006","-7.66","-8.46","0","bK17FF9A"
"(2015 KH158)","2043-2115","18","6.1e-8","14.41","26.0","0.021","-7.67","-8.02","0","bK15KF8H"
"(2016 FC1)","2082-2088","4","2.1e-6","15.19","29.1","0.005","-7.68","-7.82","0","bK16F01C"
"(2011 EL40)","2073-2073","1","8.6e-8","16.98","26.5","0.017","-7.68","-7.68","0","bK11E40L"
"(2012 VV76)","2074-2094","2","4.6e-8","14.73","25.6","0.026","-7.69","-7.83","0","bK12V76V"
"(2008 UC202)","2116-2116","3","2.4e-6","4.17","28.2","0.008","-7.69","-7.74","0","bK08UK2C"
"(2012 RU16)","2036-2089","2","4.8e-8","9.13","25.6","0.026","-7.71","-7.92","0","bK12R16U"
"(2016 UB26)","2066-2066","1","1.2e-8","18.33","25.0","0.034","-7.71","-7.71","0","bK16U26B"
"(2008 CM74)","2079-2100","7","1.4e-6","4.08","28.1","0.008","-7.72","-8.14","0","bK08C74M"
"(2005 UC3)","2072-2109","2","3.8e-7","7.83","27.1","0.013","-7.74","-7.94","0","bK05U03C"
"(2014 WU200)","2104-2111","3","4.8e-6","1.70","28.9","0.005","-7.74","-7.90","0","bK14WK0U"
"(2008 YC3)","2086-2103","5","5.8e-8","6.24","25.4","0.029","-7.75","-7.84","0","bK08Y03C"
"(2009 MU)","2096-2099","2","1.6e-8","13.33","24.6","0.042","-7.75","-7.90","0","bK09M00U"
"(2009 VT1)","2046-2109","5","2.5e-6","6.97","29.6","0.004","-7.75","-7.84","0","bK09V01T"
"(2014 OP2)","2071-2079","3","1.8e-6","11.63","29.1","0.005","-7.75","-7.87","0","bK14O02P"
"(2016 FV7)","2083-2083","1","9.1e-10","32.99","23.2","0.079","-7.75","-7.75","0","bK16F07V"
"(2016 TG94)","2096-2116","16","6.9e-6","8.76","29.6","0.004","-7.76","-8.34","0","bK16T94G"
"(2004 XO63)","2065-2065","1","7.3e-8","8.16","26.1","0.021","-7.76","-7.76","0","bK04X63O"
"(2003 UM3)","2022-2115","37","4.5e-7","13.43","28.0","0.008","-7.77","-8.61","0","bK03U03M"
"(2017 BE30)","2100-2100","1","8.3e-8","16.69","26.3","0.018","-7.79","-7.79","0","bK17B30E"
"(2017 KH5)","2067-2074","2","2.4e-7","14.82","27.6","0.010","-7.80","-8.09","0","bK17K05H"
"(2010 GV23)","2096-2105","2","7.3e-7","5.42","27.6","0.010","-7.81","-7.99","0","bK10G23V"
"(2015 FC345)","2097-2109","3","8.5e-7","6.76","27.8","0.009","-7.81","-7.81","0","bK15FY5C"
"(2017 TT3)","2059-2102","2","3.3e-8","8.69","25.6","0.026","-7.81","-7.84","0","bK17T03T"
"(2015 KH160)","2087-2107","3","3.5e-8","30.01","26.4","0.018","-7.82","-7.95","0","bK15KG0H"
"(2004 FM4)","2116-2116","1","1.5e-8","14.82","24.6","0.042","-7.82","-7.82","0","bK04F04M"
"(2017 UW5)","2081-2111","2","1.2e-6","13.01","28.7","0.006","-7.84","-8.13","0","bK17U05W"
"(2008 GY21)","2038-2115","45","2.3e-7","11.16","27.6","0.010","-7.85","-8.58","0","bK08G21Y"
"(2011 FQ16)","2105-2114","4","6.5e-7","7.99","27.7","0.010","-7.86","-8.04","0","bK11F16Q"
"(2012 BN123)","2074-2110","4","2.8e-9","10.15","23.2","0.078","-7.86","-8.17","0","bK12BC3N"
"(2012 TP20)","2069-2079","2","4.8e-7","7.31","27.8","0.009","-7.87","-8.09","0","bK12T20P"
"(2015 KA158)","2024-2113","36","3.2e-8","13.71","26.6","0.016","-7.87","-8.48","0","bK15KF8A"
"(2016 GS134)","2054-2070","2","3.3e-7","11.02","27.9","0.009","-7.87","-8.04","0","bK16GD4S"
"(2017 HY3)","2024-2024","1","2.1e-9","16.89","25.4","0.028","-7.87","-7.87","0","bK17H03Y"
"(2017 UL6)","2058-2106","23","4.7e-5","7.13","32.0","0.001","-7.87","-8.38","0","bK17U06L"
"(2017 UF)","2066-2082","2","1.8e-7","23.24","27.9","0.009","-7.87","-8.10","0","bK17U00F"
"(2017 UZ)","2113-2113","1","6.9e-8","13.17","26.0","0.021","-7.88","-7.88","0","bK17U00Z"
"(2001 YN2)","2020-2020","1","5.7e-10","18.49","24.9","0.035","-7.89","-7.89","0","bK01Y02N"
"(2008 EF85)","2110-2110","3","1.7e-7","9.53","26.7","0.016","-7.91","-7.94","0","bK08E85F"
"(2015 HE1)","2098-2098","1","1.4e-7","14.60","27.0","0.013","-7.94","-7.94","0","bK15H01E"
"(2010 XB)","2027-2029","2","2.5e-7","19.67","29.6","0.004","-7.95","-8.20","0","bK10X00B"
"(2015 HO182)","2024-2107","32","4.3e-8","9.31","27.1","0.013","-7.96","-8.68","0","bK15HI2O"
"(2011 SE191)","2098-2098","1","1.6e-8","14.57","25.1","0.033","-7.98","-7.98","0","bK11SJ1E"
"(2015 SK7)","2059-2107","4","9.2e-7","12.16","28.8","0.006","-7.99","-8.29","0","bK15S07K"
"(2008 VB4)","2030-2106","18","1.2e-7","11.59","28.2","0.008","-8.04","-8.33","0","bK08V04B"
"(2016 VF18)","2031-2082","6","2.4e-6","10.06","29.8","0.004","-8.04","-8.07","0","bK16V18F"
"(2013 NR13)","2114-2114","1","4.0e-8","11.31","25.8","0.024","-8.06","-8.06","0","bK13N13R"
"(2014 HM199)","2025-2104","2","4.9e-10","10.54","23.7","0.063","-8.07","-8.10","0","bK14HJ9M"
"(2015 FU344)","2066-2111","10","7.0e-6","9.92","31.0","0.002","-8.10","-8.28","0","bK15FY4U"
"(2015 PS228)","2080-2115","3","1.4e-6","2.55","28.9","0.005","-8.10","-8.18","0","bK15PM8S"
"(2016 FE15)","2068-2116","3","5.7e-7","12.21","28.8","0.006","-8.13","-8.24","0","bK16F15E"
"(2010 YD)","2091-2091","1","7.9e-8","8.99","26.6","0.016","-8.13","-8.13","0","bK10Y00D"
"(2006 BO7)","2060-2115","4","9.4e-7","9.83","29.3","0.005","-8.14","-8.33","0","bK06B07O"
"(2015 FN36)","2117-2117","1","2.3e-9","21.85","23.9","0.056","-8.14","-8.14","0","bK15F36N"
"(2016 AF2)","2072-2093","6","2.6e-7","5.87","27.8","0.009","-8.17","-8.22","0","bK16A02F"
"(2015 HD1)","2047-2060","2","4.9e-8","15.69","27.4","0.011","-8.18","-8.47","0","bK15H01D"
"(2014 HE197)","2028-2098","22","6.1e-9","16.73","25.5","0.027","-8.18","-9.12","0","bK14HJ7E"
"(2013 VJ13)","2099-2099","1","2.0e-9","16.09","23.8","0.060","-8.19","-8.19","0","bK13V13J"
"(2009 WQ52)","2037-2037","1","7.1e-8","14.76","28.2","0.008","-8.20","-8.20","0","bK09W52Q"
"(2004 BK86)","2078-2078","1","9.4e-9","15.77","25.4","0.028","-8.20","-8.20","0","bK04B86K"
"(2012 WR10)","2087-2096","2","7.7e-7","2.73","28.5","0.007","-8.21","-8.42","0","bK12W10R"
"(2014 HN199)","2038-2115","16","1.5e-8","17.99","26.4","0.018","-8.22","-8.77","0","bK14HJ9N"
"(2014 KW76)","2115-2115","1","2.7e-7","15.00","28.0","0.008","-8.22","-8.22","0","bK14K76W"
"(2014 QJ365)","2095-2113","2","1.5e-7","12.06","27.5","0.011","-8.22","-8.28","0","bK14Qa5J"
"(2016 NJ56)","2036-2036","1","4.0e-9","4.95","25.1","0.033","-8.23","-8.23","0","bK16N56J"
"(2016 FA14)","2072-2072","1","7.0e-8","15.24","27.4","0.011","-8.25","-8.25","0","bK16F14A"
"(2013 RZ53)","2058-2103","11","1.4e-5","1.25","31.1","0.002","-8.26","-8.74","0","bK13R53Z"
"(2010 UE)","2032-2044","2","2.4e-7","16.11","29.6","0.004","-8.27","-8.41","0","bK10U00E"
"(2016 EG86)","2117-2117","1","4.9e-9","15.59","24.5","0.042","-8.27","-8.27","0","bK16E86G"
"(2008 UM1)","2018-2073","8","5.4e-7","18.99","31.6","0.002","-8.28","-8.34","0","bK08U01M"
"(2016 TM)","2089-2093","2","2.1e-7","4.29","27.5","0.011","-8.28","-8.28","0","bK16T00M"
"(2007 WT3)","2101-2101","1","1.9e-9","19.92","24.1","0.051","-8.30","-8.30","0","bK07W03T"
"(2016 DY30)","2036-2115","9","7.7e-7","15.60","30.5","0.003","-8.31","-8.35","0","bK16D30Y"
"(2014 HS197)","2055-2100","7","3.7e-7","16.97","29.4","0.004","-8.32","-8.43","0","bK14HJ7S"
"(2017 SA21)","2056-2056","1","1.7e-7","10.07","28.3","0.007","-8.32","-8.32","0","bK17S21A"
"(2014 OQ392)","2092-2115","4","7.2e-10","11.64","22.8","0.093","-8.33","-8.79","0","bK14Od2Q"
"(2008 XC1)","2085-2085","1","1.4e-9","11.66","23.7","0.063","-8.34","-8.34","0","bK08X01C"
"(2010 RK53)","2029-2029","1","3.4e-8","8.23","27.8","0.009","-8.34","-8.34","0","bK10R53K"
"(2014 DK10)","2060-2100","3","1.2e-7","11.81","27.8","0.010","-8.35","-8.73","0","bK14D10K"
"(2008 YC29)","2034-2116","15","1.1e-8","11.02","25.4","0.028","-8.38","-8.77","0","bK08Y29C"
"(2012 XL55)","2066-2066","1","2.3e-8","19.09","27.1","0.013","-8.39","-8.39","0","bK12X55L"
"(2016 EU84)","2115-2115","1","1.1e-6","2.39","28.9","0.005","-8.39","-8.39","0","bK16E84U"
"(2009 FQ32)","2070-2104","7","6.4e-8","4.75","26.8","0.015","-8.40","-8.89","0","bK09F32Q"
"(2017 SE33)","2058-2116","8","1.2e-7","8.73","27.8","0.009","-8.40","-8.81","0","bK17S33E"
"(2013 UJ5)","2061-2061","1","1.0e-7","10.81","28.0","0.009","-8.41","-8.41","0","bK13U05J"
"(2014 UY57)","2071-2076","2","6.0e-8","9.10","27.2","0.012","-8.41","-8.63","0","bK14U57Y"
"(2015 YC2)","2045-2045","1","2.9e-10","14.67","23.4","0.071","-8.43","-8.43","0","bK15Y02C"
"(2014 BZ2)","2106-2106","1","7.2e-9","17.72","25.5","0.027","-8.45","-8.45","0","bK14B02Z"
"(2015 XH55)","2092-2110","3","8.2e-7","7.14","29.2","0.005","-8.46","-8.56","0","bK15X55H"
"(2017 SG33)","2051-2109","4","8.2e-10","17.40","23.9","0.055","-8.46","-8.86","0","bK17S33G"
"(2017 JB2)","2110-2111","2","9.7e-7","2.92","29.1","0.005","-8.48","-8.76","0","bK17J02B"
"(2004 OD4)","2100-2100","1","5.8e-8","8.45","26.9","0.014","-8.49","-8.49","0","bK04O04D"
"(2014 HT197)","2070-2090","4","1.2e-7","17.22","28.5","0.007","-8.49","-8.80","0","bK14HJ7T"
"(2007 WW3)","2031-2106","5","1.1e-9","10.27","23.9","0.056","-8.53","-8.97","0","bK07W03W"
"(2015 KW157)","2042-2115","7","9.8e-9","9.32","25.9","0.022","-8.57","-8.89","0","bK15KF7W"
"(2009 XR1)","2026-2109","13","2.0e-7","6.00","29.3","0.005","-8.62","-9.08","0","bK09X01R"
"(2016 JR38)","2084-2084","1","1.1e-10","10.86","21.9","0.140","-8.62","-8.62","0","bK16J38R"
"(2016 YC13)","2087-2116","7","2.1e-8","11.76","26.7","0.016","-8.65","-8.75","0","bK16Y13C"
"(2005 TK50)","2054-2106","2","1.5e-7","20.62","28.9","0.006","-8.66","-8.68","0","bK05T50K"
"(2010 UZ7)","2111-2111","1","2.2e-9","15.97","24.7","0.039","-8.67","-8.67","0","bK10U07Z"
"(2006 WV)","2103-2103","1","2.9e-8","14.69","27.1","0.013","-8.70","-8.70","0","bK06W00V"
"(2015 TC25)","2112-2112","1","8.2e-7","3.51","29.4","0.004","-8.71","-8.71","0","bK15T25C"
"(2002 CB19)","2049-2049","1","7.2e-10","15.73","24.8","0.038","-8.72","-8.72","0","bK02C19B"
"(2011 UA64)","2113-2113","1","3.0e-8","14.41","27.1","0.013","-8.73","-8.73","0","bK11U64A"
"(2017 SB33)","2049-2049","1","2.1e-10","19.15","23.9","0.056","-8.75","-8.75","0","bK17S33B"
"(2012 YR1)","2077-2077","1","1.5e-8","7.84","26.5","0.017","-8.76","-8.76","0","bK12Y01R"
"(2008 EF32)","2083-2083","3","2.6e-7","13.11","29.4","0.004","-8.78","-8.81","0","bK08E32F"
"(2015 HM182)","2021-2116","96","1.6e-7","6.93","29.0","0.005","-8.79","-9.60","0","bK15HI2M"
"(2012 WQ3)","2040-2040","1","5.5e-10","23.77","25.4","0.028","-8.80","-8.80","0","bK12W03Q"
"(2009 JE1)","2044-2093","8","2.0e-8","5.64","27.3","0.012","-8.84","-9.15","0","bK09J01E"
"(2011 SL189)","2043-2100","5","8.6e-10","9.74","24.6","0.040","-8.84","-9.36","0","bK11SI9L"
"(2011 CA7)","2062-2064","3","5.4e-7","8.91","30.3","0.003","-8.87","-9.10","0","bK11C07A"
"(2002 CA26)","2115-2115","1","7.6e-9","11.06","25.9","0.022","-8.87","-8.87","0","bK02C26A"
"(2016 UR36)","2107-2107","2","2.6e-8","17.96","27.5","0.011","-8.89","-9.00","0","bK16U36R"
"(2008 WJ14)","2031-2089","8","4.4e-9","10.65","26.5","0.017","-8.90","-9.38","0","bK08W14J"
"(2015 VD105)","2094-2094","1","1.4e-9","9.27","24.6","0.041","-8.91","-8.91","0","bK15VA5D"
"(2009 EJ1)","2041-2086","4","4.0e-8","10.47","28.3","0.008","-8.93","-9.16","0","bK09E01J"
"(2012 CS46)","2023-2117","28","3.7e-8","6.86","27.8","0.009","-8.94","-9.56","0","bK12C46S"
"(2013 EC20)","2112-2112","3","3.2e-7","2.67","29.0","0.005","-8.94","-9.24","0","bK13E20C"
"(2017 BF136)","2069-2105","3","2.5e-9","20.90","26.1","0.020","-8.97","-9.14","0","bK17BD6F"
"(2009 XQ2)","2084-2114","2","2.6e-10","26.17","24.1","0.051","-8.98","-9.21","0","bK09X02Q"
"(2010 XU)","2081-2088","2","3.0e-9","6.25","25.4","0.029","-8.99","-9.16","0","bK10X00U"
"(2009 MG1)","2079-2079","1","3.1e-10","17.47","24.1","0.052","-8.99","-8.99","0","bK09M01G"
"(2016 AQ164)","2035-2035","1","6.9e-8","13.90","29.9","0.004","-8.99","-8.99","0","bK16AG4Q"
"(2014 HM198)","2075-2104","2","1.3e-8","10.52","27.3","0.012","-9.11","-9.11","0","bK14HJ8M"
"(2014 HK197)","2057-2115","15","4.4e-9","16.99","26.7","0.015","-9.13","-9.56","0","bK14HJ7K"
"(2015 XQ129)","2085-2085","1","4.3e-10","15.30","24.4","0.044","-9.13","-9.13","0","bK15XC9Q"
"(2007 VF189)","2072-2077","2","3.6e-8","11.47","28.4","0.007","-9.14","-9.21","0","bK07VI9F"
"(2016 JY5)","2093-2107","2","1.9e-8","6.16","27.1","0.013","-9.15","-9.31","0","bK16J05Y"
"(2015 HZ182)","2035-2101","10","3.9e-9","14.85","27.0","0.013","-9.16","-9.42","0","bK15HI2Z"
"(2014 HN2)","2112-2112","1","9.8e-9","2.59","26.3","0.018","-9.18","-9.18","0","bK14H02N"
"(2016 WF7)","2102-2115","4","1.0e-7","6.54","28.7","0.006","-9.19","-9.28","0","bK16W07F"
"(2008 JL24)","2091-2091","1","2.3e-7","2.70","29.6","0.004","-9.24","-9.24","0","bK08J24L"
"(2016 NC56)","2114-2114","1","8.4e-9","14.50","27.1","0.013","-9.29","-9.29","0","bK16N56C"
"(2013 VD17)","2075-2075","1","6.1e-9","11.99","27.1","0.013","-9.29","-9.29","0","bK13V17D"
"(2016 FF14)","2106-2106","1","8.8e-9","9.56","27.1","0.013","-9.38","-9.38","0","bK16F14F"
"(2014 AG51)","2067-2105","4","7.6e-8","14.81","30.0","0.003","-9.43","-9.46","0","bK14A51G"
"(2017 UJ2)","2074-2097","5","5.1e-7","5.23","30.9","0.002","-9.47","-9.83","0","bK17U02J"
"(2009 SD15)","2081-2105","2","2.7e-9","14.07","26.9","0.014","-9.51","-9.54","0","bK09S15D"
"(2016 FY13)","2066-2066","1","1.2e-10","12.52","24.3","0.048","-9.52","-9.52","0","bK16F13Y"
"(2009 DM40)","2091-2091","1","2.9e-9","8.96","26.6","0.016","-9.57","-9.57","0","bK09D40M"
"(2014 HD199)","2089-2112","2","2.1e-10","14.26","24.5","0.043","-9.58","-9.84","0","bK14HJ9D"
"(2010 SK13)","2084-2084","1","2.5e-9","18.03","27.3","0.012","-9.64","-9.64","0","bK10S13K"
"(2011 SC108)","2111-2111","1","4.9e-9","22.30","27.9","0.009","-9.66","-9.66","0","bK11SA8C"
"(2005 WN3)","2024-2024","1","4.0e-9","18.17","29.9","0.004","-9.69","-9.69","0","bK05W03N"
"(2014 WZ365)","2047-2047","1","2.8e-10","10.86","25.7","0.025","-9.70","-9.70","0","bK14Wa5Z"
"(2009 SH1)","2070-2116","32","6.7e-8","5.56","30.0","0.003","-9.90","-10.90","0","bK09S01H"
"(2007 RC20)","2091-2091","1","1.2e-9","5.07","26.7","0.016","-10.10","-10.10","0","bK07R20C"
"(2014 HC196)","2112-2112","1","2.0e-10","10.36","25.2","0.031","-10.10","-10.10","0","bK14HJ6C"
"(2009 EH1)","2051-2051","1","1.5e-9","10.60","27.9","0.009","-10.10","-10.10","0","bK09E01H"
"(2015 RU178)","2055-2055","1","9.6e-10","18.73","27.9","0.009","-10.10","-10.10","0","bK15RH8U"
"(2012 CQ46)","2098-2107","2","1.3e-9","12.89","27.3","0.012","-10.15","-10.40","0","bK12C46Q"
"(2014 YP44)","2092-2101","3","3.8e-10","4.34","26.1","0.020","-10.38","-10.70","0","bK14Y44P"
"(2016 VH)","2115-2115","1","9.3e-10","4.79","26.8","0.015","-10.40","-10.40","0","bK16V00H"
"(2012 UL171)","2083-2083","2","5.0e-10","4.07","26.9","0.014","-10.57","-10.70","0","bK12UH1L"
"(2016 MH3)","2104-2104","2","5.4e-10","4.79","27.1","0.013","-10.71","-10.80","0","bK16M03H"
"(2016 DB)","2059-2059","1","5.0e-10","9.16","28.5","0.007","-11.00","-11.00","0","bK16D00B"
"(2012 FN)","2089-2113","3","1.8e-9","3.70","29.1","0.005","-11.17","-11.40","0","bK12F00N"